# Satellite telemetry export
# Exported at 2026-05-31T20:50:36.681Z
# Samples: 887
# Columns: time	estimatorMethod	x	y	z	qx	qy	qz	qw	omegaX	omegaY	omegaZ	Bx	By	Bz	I_Xp	I_Xm	I_Yp	I_Ym	I_Zp	I_Zm	altitudeKm	semiMajorAxisKm	eccentricity	inclinationDeg	raanDeg	argPeriapsisDeg	meanAnomalyDeg	trueAnomalyDeg	trueAnomalyRad	meanMotionRadPerS	orbitalSpeedKmPerS	radiusKm	periodSeconds	qErrorAngleDeg
331.0265	panels	6421.6501668572255	1742.2941378067535	1742.2941378067535	0	0	0.8796927645534601	0.47554246917840104	0	0	0.5	27023.53011695317	-3713.011272214866	-2486.2718197180775	166.54942905210694	0	0	649.2994783779201	1141.90401349168	0	500	6878.137	0	45	0	0	20.99172119412705	20.99172119412705	0.36637465049819273	0.0011067834463349407	7.612608173223869	6878.137	5676.9780285258585	151.1769878901494
0	panels	6878.137	0	0	0	0	2.8888844710514573e-9	1	0	0	0.5	10806.078663192846	21526.984205200737	-1622.821490406921	452.0807512029312	0	494.9638590401141	0	1141.8488738644016	0	500	6878.137	0	45	0	0	0	0	0	0.0011067834463349407	7.612608173223869	6878.137	5676.9780285258585	117.09090365657343
0.1	panels	6878.136957872456	0.5382926850812865	0.5382926850812865	0	0	0.024997398721357453	0.9996875162055219	0	0	0.5	11863.542909443204	20963.635042144124	-1621.1764173424585	476.25363237598594	0	471.7506688187245	0	1141.8488918139485	0	500	6878.137	0	45	0	0	0.006341402030993614	0.006341402030993614	0.00011067834463349407	0.0011067834463349407	7.612608173223869	6878.137	5676.9780285258585	127.5472632357856
0.2	panels	6878.136831489826	1.076585363568651	1.076585363568651	0	0	0.04997917199343172	0.998750260258715	0	0	0.5	12891.71576774091	20348.37987398869	-1619.5321764865876	499.2361281068959	0	447.358349417331	0	1141.8489097628392	0	500	6878.137	0	45	0	0	0.012682804061987228	0.012682804061987228	0.00022135668926698813	0.0011067834463349407	7.612608173223869	6878.137	5676.9780285258585	138.75450761549564
0.3	panels	6878.136620852111	1.614878028868173	1.614878028868173	0	0	0.07492970991010567	0.9971888179140336	0	0	0.5	13888.051407706342	19682.7380291017	-1617.8887682742952	520.9707942148654	0	421.84786889836784	0	1141.8489277111075	0	500	6878.137	0	45	0	0	0.019024206092980847	0.019024206092980847	0.00033203503390048225	0.0011067834463349407	7.612608173223869	6878.137	5676.9780285258585	151.72318114105707
0.4	panels	6878.136325959314	2.153170674385929	2.153170674385929	0	0	0.09983341919745795	0.9950041650221093	0	0	0.5	14850.082630452063	18968.353600338574	-1616.246193140432	541.4033054418919	0	395.2829901402188	0	1141.8489456586988	0	500	6878.137	0	45	0	0	0.025365608123974457	0.025365608123974457	0.00044271337853397626	0.0011067834463349407	7.612608173223869	6878.137	5676.9780285258585	164.73135452354558
0.5	panels	6878.135946811438	2.691463293527999	2.691463293527999	0	0	0.12467473584793595	0.9921976669198771	0	0	0.5	15775.426977876661	18206.991383906057	-1614.6044515197295	560.4825912367045	0	367.7301114634859	0	1141.8489636056463	0	500	6878.137	0	45	0	0	0.031707010154968074	0.031707010154968074	0.0005533917231674703	0.0011067834463349407	7.612608173223869	6878.137	5676.9780285258585	176.68443716917696
0.6	panels	6878.135483408488	3.229755879700463	3.229755879700463	0	0	0.14943813484735402	0.9887710775772844	0	0	0.5	16661.792632610424	17400.53251933101	-1612.9635438467885	578.1609634048574	0	339.2581006697493	0	1141.8489815519513	0	500	6878.137	0	45	0	0	0.03804841218596169	0.03804841218596169	0.0006640700678009644	0.0011067834463349407	7.612608173223869	6878.137	5676.9780285258585	172.61700616966868
0.7	panels	6878.13493575047	3.7680484263093983	3.7680484263093983	0	0	0.17410813987752163	0.9847265385011159	0	0	0.5	17506.984094002397	16550.96984130754	-1611.323470556082	594.3942353039389	0	309.93812290808347	0	1141.848999497593	0	500	6878.137	0	45	0	0	0.0443898142169553	0.0443898142169553	0.0007747484124344585	0.0011067834463349407	7.612608173223869	6878.137	5676.9780285258585	164.18492333259425
0.8	panels	6878.134303837389	4.306340926760886	4.306340926760886	0	0	0.19866933298843856	0.9800665773966221	0	0	0.5	18308.90761609259	15660.40295490855	-1609.684232081945	609.1418322870097	0	279.8434627993987	0	1141.8490174426006	0	500	6878.137	0	45	0	0	0.05073121624794891	0.05073121624794891	0.0008854267570679524	0.0011067834463349407	7.612608173223869	6878.137	5676.9780285258585	159.40856297655
0.9	panels	6878.133587669255	4.844633374461008	4.844633374461008	0	0	0.2231063642340118	0.9747941065877863	0	0	0.5	19065.57639410014	14731.033046333243	-1608.0458288586208	622.366893118006	0	249.0493412630846	0	1141.8490353869372	0	500	6878.137	0	45	0	0	0.05707261827894252	0.05707261827894252	0.0009961051017014465	0.0011067834463349407	7.612608173223869	6878.137	5676.9780285258585	159.03683824885005
1	panels	6878.132787246075	5.382925762815843	5.382925762815843	0	0	0.247403961265272	0.9689124211972162	0	0	0.5	19775.115486580504	13765.157442015723	-1606.4082613201858	634.0363621051229	0	217.63272750423937	0	1141.8490533306426	0	500	6878.137	0	45	0	0	0.06341402030993613	0.06341402030993613	0.0011067834463349404	0.0011067834463349407	7.612608173223869	6878.137	5676.9780285258585	162.43460960628676
0.5387	panels	6878.135777468454	2.8997825285848893	2.8997825285848893	0	0	0.13426826335532563	0.9909450203999944	0	0	0.5	16123.196551278397	17900.134098706683	-1613.9693213075361	567.492793135268	0	356.8166129158102	0	1141.848970550933	0	500	6878.137	0	45	0	0	0.03416113274020664	0.03416113274020664	0.0005962242425274386	0.0011067834463349407	7.612608173223869	6878.137	5676.9780285258585	163.13213306897606
0.6387	panels	6878.135281458792	3.438075100228409	3.438075100228409	0	0	0.15899735163266168	0.9872790092845081	0	0	0.5	16993.88275111663	17076.751710289158	-1612.3287364889918	584.6169569893807	0	328.00787739412715	0	1141.8489884969904	0	500	6878.137	0	45	0	0	0.040502534771200256	0.040502534771200256	0.0007069025871609326	0.0011067834463349407	7.612608173223869	6878.137	5676.9780285258585	161.814251539566
0.7387	panels	6878.134701194063	3.976367629756554	3.976367629756554	0	0	0.1836270717414613	0.9829959809295541	0	0	0.5	17822.572118120548	16211.065669822836	-1610.6889862207797	600.2798839834976	0	298.3792945832716	0	1141.8490064423866	0	500	6878.137	0	45	0	0	0.04684393680219387	0.04684393680219387	0.0008175809317944267	0.0011067834463349407	7.612608173223869	6878.137	5676.9780285258585	161.36154936754127
0.8387	panels	6878.134036674275	4.514660110575404	4.514660110575404	0	0	0.20814203090848868	0.9780986120884182	0	0	0.5	18607.21169158683	15305.215523892362	-1609.0500709372163	614.442425034837	0	268.0049204545394	0	1141.8490243871358	0	500	6878.137	0	45	0	0	0.05318533883318748	0.05318533883318748	0.0009282592764279208	0.0011067834463349407	7.612608173223869	6878.137	5676.9780285258585	160.10314927839002
0.9387	panels	6878.133287899437	5.0529525360910394	5.0529525360910394	0	0	0.2325269080823605	0.9725899634571897	0	0	0.5	19345.857388903423	14361.440323707659	-1607.4119910724608	627.0691812412452	0	236.96067506529377	0	1141.849042331227	0	500	6878.137	0	45	0	0	0.05952674086418109	0.05952674086418109	0.0010389376210614147	0.0011067834463349407	7.612608173223869	6878.137	5676.9780285258585	157.22222127894042
1.0387	panels	6878.132454869558	5.591244899709545	5.591244899709545	0	0	0.2567664635087043	0.9664734777619267	0	0	0.5	20036.678822101374	13382.073090405556	-1605.774747060554	638.1285923597856	0	205.32415279855377	0	1141.8490602746845	0	500	6878.137	0	45	0	0	0.06586814289517472	0.06586814289517472	0.001149615965694909	0.0011067834463349407	7.612608173223869	6878.137	5676.9780285258585	153.85014184242453
1.1387	panels	6878.131537584647	6.129537194836999	6.129537194836999	0	0	0.2808455482545087	0.9597529776070635	0	0	0.5	20677.963833345348	12369.53504752764	-1604.1383393354104	647.5930156908233	0	173.17442841750847	0	1141.8490782174792	0	500	6878.137	0	45	0	0	0.07220954492616834	0.07220954492616834	0.001260294310328403	0.0011067834463349407	7.612608173223869	6878.137	5676.9780285258585	152.6162511624311
1.2387	panels	6878.130536044717	6.667829414879487	6.667829414879487	0	0	0.3047491136757137	0.952432663086408	0	0	0.5	21268.1227381244	11326.329634933432	-1602.5027683308176	655.4387951700446	0	140.5918594200897	0	1141.8490961596212	0	500	6878.137	0	45	0	0	0.07855094695716196	0.07855094695716196	0.0013709726549618972	0.0011067834463349407	7.612608173223869	6878.137	5676.9780285258585	155.20393304676392
1.3387	panels	6878.1294502497785	7.206121553243093	7.206121553243093	0	0	0.3284622208221229	0.9445171091582191	0	0	0.5	21805.69226562907	10255.0363189491	-1600.868034480425	661.646320496251	0	107.65788518716717	0	1141.8491141011111	0	500	6878.137	0	45	0	0	0.08489234898815558	0.08489234898815558	0.0014816509995953914	0.0011067834463349407	7.612608173223869	6878.137	5676.9780285258585	161.42336843827425
1.4684	panels	6878.127916467126	7.904286324172541	7.904286324172541	0	0	0.35891016741875553	0.9333721078559403	0	0	0.5	22422.416129600282	8828.073603457557	-1598.7490324150333	667.2322319181656	0	64.5539113411095	0	1141.8491373702504	0	500	6878.137	0	45	0	0	0.09311714742159824	0.09311714742159824	0.0016252008125718375	0.0011067834463349407	7.612608173223869	6878.137	5676.9780285258585	172.19014323854057
1.5684	panels	6878.126637138486	8.442578249951206	8.442578249951206	0	0	0.3821298858735895	0.9241086247418306	0	0	0.5	22834.35811313438	7702.396004148105	-1597.1162231492408	669.6247068885036	0	31.125539751377833	0	1141.8491553102474	0	500	6878.137	0	45	0	0	0.09945854945259186	0.09945854945259186	0.0017358791572053317	0.0011067834463349407	7.612608173223869	6878.137	5676.9780285258585	178.44602850858786
1.6684	panels	6878.125273554887	8.980870072310852	8.980870072310852	0	0	0.40511078559017155	0.9142676038220506	0	0	0.5	23189.824829232683	6557.592557932144	-1595.484252466496	670.3434704900245	0	0	2.380628544228231	1141.8491732495902	0	500	6878.137	0	45	0	0	0.10579995148358548	0.10579995148358548	0.001846557501838826	0.0011067834463349407	7.612608173223869	6878.137	5676.9780285258585	171.0545900849755
1.7684	panels	6878.123825716344	9.51916178465757	9.51916178465757	0	0	0.42783850425433295	0.903855195414296	0	0	0.5	23487.933413894796	5396.494785063658	-1593.8531207999267	669.3867262325792	0	0	35.8808456590188	1141.8491911882816	0	500	6878.137	0	45	0	0	0.1121413535145791	0.1121413535145791	0.00195723584647232	0.0011067834463349407	7.612608173223869	6878.137	5676.9780285258585	167.34416930272855
1.8684	panels	6878.122293622875	10.057453380397451	10.057453380397451	0	0	0.45029883778182017	0.8928779069348407	0	0	0.5	23727.94287690569	4221.974686405181	-1592.222828582499	666.7568655187872	0	0	69.29137858324056	1141.8492091263363	0	500	6878.137	0	45	0	0	0.11848275554557271	0.11848275554557271	0.002067914191105814	0.0011067834463349407	7.612608173223869	6878.137	5676.9780285258585	167.8900169543651
1.9684	panels	6878.1206772745	10.595744852936587	10.595744852936587	0	0	0.4724777491953853	0.8813425988316136	0	0	0.5	23909.25594328254	3036.9376393237144	-1590.5933762470545	662.4604616667397	0	0	102.52871847290602	1141.8492270637214	0	500	6878.137	0	45	0	0	0.12482415757656634	0.12482415757656634	0.0021785925357393084	0.0011067834463349407	7.612608173223869	6878.137	5676.9780285258585	171.2996749276459
2.0684	panels	6878.118976671237	11.134036195681068	11.134036195681068	0	0	0.49436137739743996	0.8692564802966418	0	0	0.5	24031.42053921752	1844.3152106104571	-1588.9647642263144	656.508253479949	0	0	135.5097893780045	1141.8492450004574	0	500	6878.137	0	45	0	0	0.13116555960755993	0.13116555960755993	0.0022892708803728024	0.0011067834463349407	7.612608173223869	6878.137	5676.9780285258585	174.2457793070107
2.1684	panels	6878.117191813108	11.672327402036997	11.672327402036997	0	0	0.5159360458327895	0.8566271047605404	0	0	0.5	24094.130918820905	647.0579042045283	-1587.3369929528644	648.9151184059064	0	0	168.15215588900836	1141.849262936541	0	500	6878.137	0	45	0	0	0.13750696163855358	0.13750696163855358	0.0023999492250062968	0.0011067834463349407	7.612608173223869	6878.137	5676.9780285258585	173.53521049669945
2.2684	panels	6878.115322700134	12.210618465410457	12.210618465410457	0	0	0.5371882710360356	0.8434623651718641	0	0	0.5	24097.228428857376	-551.8721383386619	-1585.7100628591656	639.7000353501271	0	0	200.37422918217518	1141.8492808719816	0	500	6878.137	0	45	0	0	0.14384836366954717	0.14384836366954717	0.0025106275696397907	0.0011067834463349407	7.612608173223869	6878.137	5676.9780285258585	168.3432468390577
2.3684	panels	6878.11336933234	12.748909379207557	12.748909379207557	0	0	0.5581047710583023	0.8297704890642715	0	0	0.5	24040.701909563268	-1749.5084665749819	-1584.0839743775425	628.8860372387586	0	0	232.09547094901734	1141.8492988067592	0	500	6878.137	0	45	0	0	0.15018976570054082	0.15018976570054082	0.002621305914273285	0.0011067834463349407	7.612608173223869	6878.137	5676.9780285258585	160.73467750304488
2.4602	panels	6878.111501965982	13.243060300809754	13.243060300809754	0	0	0.5769993609609985	0.8167445974419417	0	0	0.5	23936.434021993824	-2845.261953526564	-1582.5919664446	617.5742388759113	0	0	260.70674024413415	1141.8493152703177	0	500	6878.137	0	45	0	0	0.15601117276574875	0.15601117276574875	0.0027229086346600238	0.0011067834463349407	7.612608173223869	6878.137	5676.9780285258585	153.86033913609353
2.5602	panels	6878.1093869975075	13.781350909267273	13.781350909267273	0	0	0.597235546049969	0.8020658966284475	0	0	0.5	23766.05628403125	-4032.132962995991	-1580.9674933842844	603.7725252919671	0	0	291.2467530400513	1141.8493332038308	0	500	6878.137	0	45	0	0	0.1623525747967424	0.1623525747967424	0.002833586979293518	0.0011067834463349407	7.612608173223869	6878.137	5676.9780285258585	147.695869390271
2.6602	panels	6878.107187774284	14.319641348907428	14.319641348907428	0	0	0.6170984783659439	0.7868859307411951	0	0	0.5	23536.863775312773	-5209.098259080882	-1579.3438631968393	588.4616967412289	0	0	321.0588006023932	1141.849351136727	0	500	6878.137	0	45	0	0	0.168693976827736	0.168693976827736	0.002944265323927012	0.0011067834463349407	7.612608173223869	6878.137	5676.9780285258585	144.76514429324
2.7602	panels	6878.10490429634	14.857931613136333	14.857931613136333	0	0	0.6365757442228729	0.7712141867646728	0	0	0.5	23249.42014478791	-6373.245075328065	-1577.721076314088	571.6800223204003	0	0	350.06836843364624	1141.8493690689406	0	500	6878.137	0	45	0	0	0.17503537885872963	0.17503537885872963	0.0030549436685605065	0.0011067834463349407	7.612608173223869	6878.137	5676.9780285258585	148.1629172201678
2.8602	panels	6878.1025365637	15.396221695360094	15.396221695360094	0	0	0.6556551709636869	0.7550604590286653	0	0	0.5	22904.433205960187	-7521.692195395046	-1576.0991331677135	553.4694474700451	0	0	378.20294781721805	1141.8493870004927	0	500	6878.137	0	45	0	0	0.18137678088972323	0.18137678088972323	0.0031656220131940005	0.0011067834463349407	7.612608173223869	6878.137	5676.9780285258585	157.85132193217953
2.9602	panels	6878.1000845763965	15.934511588984819	15.934511588984819	0	0	0.6743248345678127	0.738434843087115	0	0	0.5	22502.753193601042	-8651.597083907141	-1574.4780341892863	533.8754891329245	0	0	405.3922170515782	1141.849404931418	0	500	6878.137	0	45	0	0	0.18771818292071688	0.18771818292071688	0.003276300357827495	0.0011067834463349407	7.612608173223869	6878.137	5676.9780285258585	169.77870423722544
3.0602	panels	6878.097548334458	16.472801287416623	16.472801287416623	0	0	0.6925730671032975	0.7213477294087309	0	0	0.5	22045.370667970234	-9760.162921995223	-1572.8577798102187	512.9471219853309	0	0	431.5682172177872	1141.8494228616808	0	500	6878.137	0	45	0	0	0.19405958495171047	0.19405958495171047	0.003386978702460989	0.0011067834463349407	7.612608173223869	6878.137	5676.9780285258585	179.69807035913541
3.1602	panels	6878.094927837916	17.011090784061615	17.011090784061615	0	0	0.7103884640188862	0.7038097968832826	0	0	0.5	21533.414071708445	-10844.64553010055	-1571.2383704618312	490.7366560259509	0	0	456.66552204086054	1141.8494407912879	0	500	6878.137	0	45	0	0	0.20040098698270412	0.20040098698270412	0.003497657047094483	0.0011067834463349407	7.612608173223869	6878.137	5676.9780285258585	175.5384202700176
3.2602	panels	6878.092223086803	17.54938007232592	17.54938007232592	0	0	0.7277598912714957	0.6858320061476432	0	0	0.5	20968.146945429784	-11902.360160911612	-1569.6198065752792	467.29960582816466	0	0	480.62140142131744	1141.8494587202442	0	500	6878.137	0	45	0	0	0.2067423890136977	0.2067423890136977	0.003608335391727977	0.0011067834463349407	7.612608173223869	6878.137	5676.9780285258585	176.03090914366012
3.3602	panels	6878.08943408115	18.08766914561566	18.08766914561566	0	0	0.7446764922846278	0.6674255927357466	0	0	0.5	20350.964808884313	-12930.688145617552	-1568.0020885816054	442.6945517825864	0	0	503.3759782274577	1141.8494766485553	0	500	6878.137	0	45	0	0	0.21308379104469136	0.21308379104469136	0.0037190137363614715	0.0011067834463349407	7.612608173223869	6878.137	5676.9780285258585	178.29496986220443
3.4602	panels	6878.086560820993	18.625957997336947	18.625957997336947	0	0	0.7611276947333774	0.648602060056746	0	0	0.5	19683.391715390728	-13927.083377025596	-1566.3852169117154	416.98299367664407	0	0	524.8723779569297	1141.8494945762009	0	500	6878.137	0	45	0	0	0.21942519307568495	0.21942519307568495	0.0038296920809949655	0.0011067834463349407	7.612608173223869	6878.137	5676.9780285258585	178.99020106280474
3.4881	panels	6878.085744148682	18.77614054673359	18.77614054673359	0	0	0.7656331428314945	0.643277460041908	0	0	0.5	19488.368538934024	-14199.04375421899	-1565.934260775138	409.62069144651525	0	0	530.6380273732956	1141.8494995778885	0	500	6878.137	0	45	0	0	0.2211944442445999	0.2211944442445999	0.00386057133918729	0.0011067834463349407	7.612608173223869	6878.137	5676.9780285258585	178.78029359391542
3.5881	panels	6878.082763127067	19.314429105458792	19.314429105458792	0	0	0.7814741562364903	0.6239376115722356	0	0	0.5	18758.764903657404	-15151.012557083486	-1564.3184721811695	382.58793357432535	0	0	550.4473531251633	1141.8495175047065	0	500	6878.137	0	45	0	0	0.22753584627559353	0.22753584627559353	0.003971249683820784	0.0011067834463349407	7.612608173223869	6878.137	5676.9780285258585	175.27190842469415
3.6881	panels	6878.079697851027	19.8527174275881	19.8527174275881	0	0	0.7968267737350988	0.6042078224079143	0	0	0.5	17982.70330025519	-16065.55041173717	-1562.703530892532	354.5989067914282	0	0	568.8808480737443	1141.8495354308618	0	500	6878.137	0	45	0	0	0.23387724830658715	0.23387724830658715	0.004081928028454278	0.0011067834463349407	7.612608173223869	6878.137	5676.9780285258585	167.9836035784594
3.7881	panels	6878.076548320603	20.391005506527655	20.391005506527655	0	0	0.8116814004411954	0.5841004230248595	0	0	0.5	17162.1012098788	-16940.3923014027	-1561.0894373396973	325.72356904068783	0	0	585.8924381641291	1141.8495533563753	0	500	6878.137	0	45	0	0	0.24021865033758077	0.24021865033758077	0.004192606373087772	0.0011067834463349407	7.612608173223869	6878.137	5676.9780285258585	158.2081004246138
3.8881	panels	6878.073314535833	20.9292933356836	20.9292933356836	0	0	0.826028752696688	0.5636279798930798	0	0	0.5	16298.986429620109	-17773.37129915493	-1559.4761919530151	296.03409357666965	0	0	601.4396033607069	1141.8495712812091	0	500	6878.137	0	45	0	0	0.24656005236857442	0.24656005236857442	0.004303284717721267	0.0011067834463349407	7.612608173223869	6878.137	5676.9780285258585	144.80082443183318
3.9881	panels	6878.069996496755	21.46758090846206	21.46758090846206	0	0	0.8398598638735019	0.5428032876230422	0	0	0.5	15395.49206130428	-18562.423935036204	-1557.863795162686	265.6046885704066	0	0	615.4834839245476	1141.849589205417	0	500	6878.137	0	45	0	0	0.252901454399568	0.252901454399568	0.004413963062354761	0.0011067834463349407	7.612608173223869	6878.137	5676.9780285258585	130.15919460952574
4.0881	panels	6878.066594203412	22.005868218269185	22.005868218269185	0	0	0.8531660899774298	0.5216393609694578	0	0	0.5	14453.851239452717	-19305.595307481726	-1556.2522473988138	234.51141162750315	0	0	627.9889775427524	1141.849607128941	0	500	6878.137	0	45	0	0	0.25924285643056166	0.25924285643056166	0.004524641406988255	0.0011067834463349407	7.612608173223869	6878.137	5676.9780285258585	123.27871027116934
4.1881	panels	6878.063107655844	22.544155258511108	22.544155258511108	0	0	0.8659391150503474	0.5001494266974836	0	0	0.5	13476.391611446208	-20001.043926392373	-1554.6415490913391	202.8319796841754	0	0	638.9248270653171	1141.8496250518335	0	500	6878.137	0	45	0	0	0.26558425846155526	0.26558425846155526	0.004635319751621749	0.0011067834463349407	7.612608173223869	6878.137	5676.9780285258585	130.27088176544632
4.2881	panels	6878.0595368540935	23.082442022593984	23.082442022593984	0	0	0.8781709563674158	0.47834691531642465	0	0	0.5	12465.529583533678	-20647.046275858618	-1553.0317006700816	170.64557475525007	0	0	648.2636986319744	1141.8496429740635	0	500	6878.137	0	45	0	0	0.2719256604925488	0.2719256604925488	0.004745998096255242	0.0011067834463349407	7.612608173223869	6878.137	5676.9780285258585	145.42282027486053
4.3881	panels	6878.0558817982055	23.620728503923964	23.620728503923964	0	0	0.8898539694260251	0.4562454526861028	0	0	0.5	11423.764346910595	-21242.001085230233	-1551.4227025647256	138.03264602072232	0	0	655.9822499921503	1141.8496608956264	0	500	6878.137	0	45	0	0	0.2782670625235424	0.2782670625235424	0.004856676440888736	0.0011067834463349407	7.612608173223869	6878.137	5676.9780285258585	160.2440892808191
4.4606	panels	6878.053179197545	24.010986022334023	24.010986022334023	0	0	0.8979768040173309	0.44004279274500147	0	0	0.5	10650.62061117923	-21640.57980047487	-1550.256710895493	114.16782628089788	0	0	660.5538757701446	1141.8496738883773	0	500	6878.137	0	45	0	0	0.2828645789960127	0.2828645789960127	0.004936918240748018	0.0011067834463349407	7.612608173223869	6878.137	5676.9780285258585	168.1344100325457
4.5606	panels	6878.0493788033755	24.54927200041766	24.54927200041766	0	0	0.908696124756976	0.4174582049159583	0	0	0.5	9561.641415393406	-22144.08439134636	-1548.6491805945834	81.01122814949959	0	0	665.4343579883154	1141.84969180881	0	500	6878.137	0	45	0	0	0.28920598102700634	0.28920598102700634	0.005047596585381512	0.0011067834463349407	7.612608173223869	6878.137	5676.9780285258585	173.09247710419493
4.6606	panels	6878.045494155191	25.08755767778018	25.08755767778018	0	0	0.9188475400016802	0.394612719299392	0	0	0.5	8448.939426453093	-22592.829057474777	-1547.0425017797993	47.65214519234018	0	0	668.6516024516961	1141.8497097286074	0	500	6878.137	0	45	0	0	0.2955473830579999	0.2955473830579999	0.005158274930015005	0.0011067834463349407	7.612608173223869	6878.137	5676.9780285258585	173.32617559543056
4.7606	panels	6878.04152525304	25.625843047827743	25.625843047827743	0	0	0.9284247054473995	0.37152061358006727	0	0	0.5	7315.2663682803895	-22985.700293318037	-1545.4366748803343	14.17395766289657	0	0	670.1975677754043	1141.8497276477274	0	500	6878.137	0	45	0	0	0.30188878508899347	0.30188878508899347	0.005268953274648499	0.0011067834463349407	7.612608173223869	6878.137	5676.9780285258585	171.20898952221555
4.8606	panels	6878.037472096973	26.164128103966526	26.164128103966526	0	0	0.9374216356775193	0.34819631957228425	0	0	0.5	6163.426009909168	-23321.722775270362	-1543.8317003252548	0	19.339656488163435	0	670.0683898977468	1141.8497455662164	0	500	6878.137	0	45	0	0	0.3082301871199871	0.3082301871199871	0.005379631619281993	0.0011067834463349407	7.612608173223869	6878.137	5676.9780285258585	168.8427891075882
4.9606	panels	6878.033334687037	26.702412839602687	26.702412839602687	0	0	0.9458327079035455	0.32465441420046437	0	0	0.5	4996.267231111941	-23600.061782593573	-1542.2275785434765	0	52.8049307645185	0	668.2643917385809	1141.8497634840244	0	500	6878.137	0	45	0	0	0.31457158915098066	0.31457158915098066	0.005490309963915486	0.0011067834463349407	7.612608173223869	6878.137	5676.9780285258585	169.46150103300326
5.0606	panels	6878.0291130232845	27.240697248142414	27.240697248142414	0	0	0.9536526654791628	0.3009096103890472	0	0	0.5	3816.6769760317156	-23820.025270590115	-1540.6243099638161	0	86.13821949616118	0	664.7900823917887	1141.8497814011919	0	500	6878.137	0	45	0	0	0.32091299118197425	0.32091299118197425	0.00560098830854898	0.0011067834463349407	7.612608173223869	6878.137	5676.9780285258585	176.94374341207822
5.1606	panels	6878.024807105766	27.778981322991882	27.778981322991882	0	0	0.9608766211854692	0.27697674786739146	0	0	0.5	2627.5731122478464	-23981.065590870086	-1539.0218950149224	0	119.25620691008322	0	659.654145854976	1141.8497993177093	0	500	6878.137	0	45	0	0	0.3272543932129679	0.3272543932129679	0.005711666653182474	0.0011067834463349407	7.612608173223869	6878.137	5676.9780285258585	166.44440148019797
5.2606	panels	6878.020416934535	28.31726505755727	28.31726505755727	0	0	0.9675000602853273	0.2528707838954276	0	0	0.5	1431.8972129391896	-24082.780854436205	-1537.4203341253312	0	152.07611537607542	0	652.8694193238993	1141.8498172335615	0	500	6878.137	0	45	0	0	0.33359579524396143	0.33359579524396143	0.005822344997815967	0.0011067834463349407	7.612608173223869	6878.137	5676.9780285258585	142.85107524453824
5.4685	panels	6878.011020104623	29.436355823775425	29.436355823775425	0	0	0.9793305941666396	0.2022661299605467	0	0	0.5	-1062.0644497972198	-24103.432677866036	-1534.093424420079	0	218.99879902120514	0	633.5654076174163	1141.8498544785173	0	500	6878.137	0	45	0	0	0.3467795700648854	0.3467795700648854	0.006052445276282617	0.0011067834463349407	7.612608173223869	6878.137	5676.9780285258585	102.72969713223286
5.5685	panels	6878.006370516552	29.974638469199533	29.974638469199533	0	0	0.9840806958115567	0.17772221057325024	0	0	0.5	-2259.369486578067	-24021.525764038503	-1532.49449586866	0	250.39016129101935	0	621.8282362174012	1141.8498723923592	0	500	6878.137	0	45	0	0	0.35312097209587906	0.35312097209587906	0.006163123620916111	0.0011067834463349407	7.612608173223869	6878.137	5676.9780285258585	102.9544603486963
5.6685	panels	6878.001636674996	30.512920747443424	30.512920747443424	0	0	0.9882157790588039	0.1530672205901761	0	0	0.5	-3451.15560799502	-23880.179521397975	-1530.8964231231312	0	281.15567840174094	0	608.5368199686967	1141.8498903055295	0	500	6878.137	0	45	0	0	0.3594623741268726	0.3594623741268726	0.006273801965549604	0.0011067834463349407	7.612608173223869	6878.137	5676.9780285258585	116.28406966200137
5.7685	panels	6877.99681858001	31.05120265191332	31.05120265191332	0	0	0.9917332596159713	0.1283165685774089	0	0	0.5	-4634.473746614464	-23679.740208586598	-1529.2992066113486	0	311.21845267807527	0	593.7243804952893	1141.8499082180576	0	500	6878.137	0	45	0	0	0.3658037761578662	0.3658037761578662	0.006384480310183098	0.0011067834463349407	7.612608173223869	6878.137	5676.9780285258585	132.61016084100308
5.8685	panels	6877.991916231654	31.58948417601543	31.58948417601543	0	0	0.9946309391722237	0.10348572288668731	0	0	0.5	-5806.395618592409	-23420.70031390048	-1527.7028467610255	0	340.50334293608597	0	577.4279411823396	1141.8499261299226	0	500	6878.137	0	45	0	0	0.3721451781888598	0.3721451781888598	0.006495158654816592	0.0011067834463349407	7.612608173223869	6878.137	5676.9780285258585	144.89759154753966
5.9685	panels	6877.9869296299885	32.127765313155955	32.127765313155955	0	0	0.9969070067721743	0.07859020198818824	0	0	0.5	-6964.020970103284	-23103.69734491004	-1526.1073439997515	0	368.93715229656317	0	559.688234636967	1141.8499440411229	0	500	6878.137	0	45	0	0	0.3784865802198534	0.3784865802198534	0.006605836999450085	0.0011067834463349407	7.612608173223869	6878.137	5676.9780285258585	152.49742969246495
6.0685	panels	6877.981858775075	32.66604605674112	32.66604605674112	0	0	0.9985600399476712	0.053645564771987723	0	0	0.5	-8104.484754810729	-22729.51225920124	-1524.5126987549666	0	396.4488111390234	0	540.5496008780003	1141.8499619516704	0	500	6878.137	0	45	0	0	0.38482798225084697	0.38482798225084697	0.006716515344083579	0.0011067834463349407	7.612608173223869	6878.137	5676.9780285258585	157.73013731583347
6.1685	panels	6877.976703666975	33.204326400177166	33.204326400177166	0	0	0.9995890056067951	0.028667400824261446	0	0	0.5	-9224.964224617383	-22299.067540101893	-1522.9189114540054	0	422.9695547384967	0	520.0598765090151	1141.8499798615505	0	500	6878.137	0	45	0	0	0.39116938428184056	0.39116938428184056	0.006827193688717073	0.0011067834463349407	7.612608173223869	6878.137	5676.9780285258585	163.14658323697583
6.1685	ekf	6877.976703666975	33.204326400177166	33.204326400177166	0	0	0.9995890056067951	0.028667400824261446	0	0	0.5	-9224.964224617383	-22299.067540101893	-1522.9189114540054	0	422.9695547384967	0	520.0598765090151	1141.8499798615505	0	500	6878.137	0	45	0	0	0.39116938428184056	0.39116938428184056	0.006827193688717073	0.0011067834463349407	7.612608173223869	6878.137	5676.9780285258585	153.88805274289214
6.2685	ekf	6877.9714643057505	33.742606336870296	33.742606336870296	0	0	0.9999932606795074	0.0036713206843007884	0	0	0.5	-10322.685916144927	-21813.42492213421	-1521.32598252404	0	448.4330951410881	0	498.270275151798	1141.8499977708045	0	500	6878.137	0	45	0	0	0.39751078631283415	0.39751078631283415	0.006937872033350566	0.0011067834463349407	7.612608173223869	6878.137	5676.9780285258585	161.50032184659958
6.3685	ekf	6877.9661406914665	34.28088586022677	34.28088586022677	0	0	0.9997725525195484	-0.02132705391156597	0	0	0.5	-11394.932515652908	-21273.78277180427	-1519.7339123921213	0	472.77578684963	0	475.2352594389629	1141.850015679368	0	500	6878.137	0	45	0	0	0.40385218834382774	0.40385218834382774	0.00704855037798406	0.0011067834463349407	7.612608173223869	6878.137	5676.9780285258585	175.24027912862076
6.4687	ekf	6877.960721924034	34.82024152137032	34.82024152137032	0	0	0.9989247022088238	-0.04636204608311611	0	0	0.5	-12441.107892905144	-20680.236694625935	-1518.1395199247613	0	495.98188462594965	0	450.9628089687869	1141.8500336231027	0	500	6878.137	0	45	0	0	0.4102062731781275	0.4102062731781275	0.007159450079293629	0.0011067834463349407	7.612608173223869	6878.137	5676.9780285258585	162.24832945685333
6.5687	ekf	6877.955229635323	35.35852019741253	35.35852019741253	0	0	0.9974536240820316	-0.07131807488723522	0	0	0.5	-13454.44647279627	-20036.621129693027	-1516.549170389268	0	517.9007655553181	0	425.6104680517461	1141.8500515303717	0	500	6878.137	0	45	0	0	0.41654767520912117	0.41654767520912117	0.007270128423927123	0.0011067834463349407	7.612608173223869	6878.137	5676.9780285258585	133.44228546977672
6.6687	ekf	6877.949653093752	35.8967984403236	35.8967984403236	0	0	0.9953591699127626	-0.09622953221634346	0	0	0.5	-14434.556450540767	-19343.39300615836	-1514.9596809330076	0	538.5251650617193	0	399.1943243601321	1141.8500694369598	0	500	6878.137	0	45	0	0	0.42288907724011476	0.42288907724011476	0.007380806768560617	0.0011067834463349407	7.612608173223869	6878.137	5676.9780285258585	107.91545058276529
6.7687	ekf	6877.943992299389	36.43507624350981	36.43507624350981	0	0	0.9926426486666866	-0.12108084922061442	0	0	0.5	-15379.010911868112	-18602.264618266352	-1513.3710519824904	0	557.8035329732918	0	371.7804044550854	1141.8500873429123	0	500	6878.137	0	45	0	0	0.4292304792711083	0.4292304792711083	0.00749148511319411	0.0011067834463349407	7.612608173223869	6878.137	5676.9780285258585	95.0816885209275
6.8687	ekf	6877.938247252302	36.973353600377415	36.973353600377415	0	0	0.9893057580811447	-0.14585649463596678	0	0	0.5	-16285.471023232352	-17815.06687256025	-1511.7832839640894	0	575.6876834942717	0	343.43722881430784	1141.8501052481834	0	500	6878.137	0	45	0	0	0.4355718813021019	0.4355718813021019	0.007602163457827604	0.0011067834463349407	7.612608173223869	6878.137	5676.9780285258585	94.4885193050881
6.9687	ekf	6877.932417952565	37.51163050433268	37.51163050433268	0	0	0.9853505836041186	-0.1705409844905988	0	0	0.5	-17151.691823471767	-16983.74476444429	-1510.1963773040463	0	592.132915643627	0	314.23564056688207	1141.8501231528323	0	500	6878.137	0	45	0	0	0.44191328333309554	0.44191328333309554	0.007712841802461098	0.0011067834463349407	7.612608173223869	6878.137	5676.9780285258585	102.1979505256554
7.0687	ekf	6877.926504400245	38.04990694878188	38.04990694878188	0	0	0.9807795970908945	-0.19511889178196662	0	0	0.5	-17975.5277835231	-16110.352572220501	-1508.6103324284516	0	607.0981249846611	0	284.24862842217425	1141.850141056789	0	500	6878.137	0	45	0	0	0.44825468536408913	0.44825468536408913	0.007823520147094592	0.0011067834463349407	7.612608173223869	6878.137	5676.9780285258585	114.19536081871657
7.1687	ekf	6877.9205065954175	38.58818292713128	38.58818292713128	0	0	0.9755956552592319	-0.2195748561181585	0	0	0.5	-18754.938120422506	-15197.048780474455	-1507.0251497632935	0	620.5459063638096	0	253.5511442365522	1141.850158960105	0	500	6878.137	0	45	0	0	0.45459608739508267	0.45459608739508267	0.007934198491728085	0.0011067834463349407	7.612608173223869	6878.137	5676.9780285258585	127.1094629822718
7.2687	ekf	6877.914424538154	39.12645843278717	39.12645843278717	0	0	0.9698019979040102	-0.24389359331763977	0	0	0.5	-19487.991852432016	-14246.090745358037	-1505.4408297343978	0	632.4426474044783	0	222.21991567258922	1141.8501768627452	0	500	6878.137	0	45	0	0	0.46093748942607626	0.46093748942607626	0.008044876836361578	0.0011067834463349407	7.612608173223869	6878.137	5676.9780285258585	140.30836811514845
7.3687	ekf	6877.908258228531	39.66473345915585	39.66473345915585	0	0	0.9634022458724611	-0.26805990496136883	0	0	0.5	-20172.872582770684	-13259.829114953476	-1503.857372767462	0	642.7586125198083	0	190.33325442030082	1141.8501947647383	0	500	6878.137	0	45	0	0	0.4672788914570699	0.4672788914570699	0.008155555180995073	0.0011067834463349407	7.612608173223869	6878.137	5676.9780285258585	155.25008054051474
7.4687	ekf	6877.902007666623	40.203007999643596	40.203007999643596	0	0	0.9564003988012574	-0.29205868789131395	0	0	0.5	-20807.883000099235	-12240.70201851127	-1502.2747792880423	0	651.4680172362752	0	157.97086045868767	1141.8502126660792	0	500	6878.137	0	45	0	0	0.47362029348806345	0.47362029348806345	0.008266233525628566	0.0011067834463349407	7.612608173223869	6878.137	5676.9780285258585	172.98028085387242
7.4818	ekf	6877.901182601564	40.273521928234565	40.273521928234565	0	0	0.9554387793150538	-0.29518932734934716	0	0	0.5	-20887.290681514307	-12104.893376115913	-1502.0675235318367	0	652.4887426228443	0	153.70038869060073	1141.8502150111003	0	500	6878.137	0	45	0	0	0.4744510171556357	0.4744510171556357	0.008280732388801944	0.0011067834463349407	7.612608173223869	6878.137	5676.9780285258585	176.681859491675
7.5818	ekf	6877.894836750414	40.81179591124504	40.81179591124504	0	0	0.9477612557873589	-0.3189805668506603	0	0	0.5	-21464.007604967075	-11051.635768805665	-1500.4859071694725	0	659.355107854923	0	120.89747312573056	1141.850232911701	0	500	6878.137	0	45	0	0	0.48079241918662924	0.48079241918662924	0.008391410733435438	0.0011067834463349407	7.612608173223869	6878.137	5676.9780285258585	163.3926181567042
7.6818	ekf	6877.888406647142	41.35006939432344	41.35006939432344	0	0	0.9394914123296128	-0.3425724538822549	0	0	0.5	-21987.653449165024	-9970.972242306138	-1498.9051552010424	0	664.5734302237249	0	87.79237798798458	1141.850250811625	0	500	6878.137	0	45	0	0	0.48713382121762283	0.48713382121762283	0.00850208907806893	0.0011067834463349407	7.612608173223869	6878.137	5676.9780285258585	141.59789134716993
7.7818	ekf	6877.881892291829	41.88834237087606	41.88834237087606	0	0	0.9306344173247478	-0.36595024428278133	0	0	0.5	-22456.929547600717	-8865.57494164872	-1497.3252680516923	0	668.1306666963699	0	54.46784869696782	1141.8502687108912	0	500	6878.137	0	45	0	0	0.4934752232486165	0.4934752232486165	0.008612767422702425	0.0011067834463349407	7.612608173223869	6878.137	5676.9780285258585	119.65317527414727
7.8818	ekf	6877.875293684554	42.426614834309206	42.426614834309206	0	0	0.9211958061062985	-0.38909932769431427	0	0	0.5	-22870.67167987084	-7738.177359243801	-1495.7462461464158	0	670.0179260857241	0	21.007179140694547	1141.850286609505	0	500	6878.137	0	45	0	0	0.49981662527961	0.49981662527961	0.008723445767335919	0.0011067834463349407	7.612608173223869	6878.137	5676.9780285258585	103.71259880360046
7.9818	ekf	6877.868610825399	42.96488677802924	42.96488677802924	0	0	0.9111814774989975	-0.41200523669335076	0	0	0.5	-23227.852959633005	-6591.567575153479	-1494.1680899100659	0	670.2304912735706	12.505996515524622	0	1141.8503045074553	0	500	6878.137	0	45	0	0	0.5061580273106036	0.5061580273106036	0.008834124111969412	0.0011067834463349407	7.612608173223869	6878.137	5676.9780285258585	102.13728756139955
8.0818	ekf	6877.861843714443	43.50315819544247	43.50315819544247	0	0	0.9005976901322036	-0.4346536558324793	0	0	0.5	-23527.58638292936	-5428.581361937165	-1492.5907997673971	0	668.7678310008395	45.98791287070962	0	1141.8503224047545	0	500	6878.137	0	45	0	0	0.5124994293415972	0.5124994293415972	0.008944802456602906	0.0011067834463349407	7.612608173223869	6878.137	5676.9780285258585	115.35860497109039
8.1818	ekf	6877.854992351771	44.041429079955236	44.041429079955236	0	0	0.889451058528461	-0.45703043058706794	0	0	0.5	-23769.127030555395	-4252.095171123154	-1491.0143761429842	0	665.6336011954442	79.35488265802266	0	1141.8503403013726	0	500	6878.137	0	45	0	0	0.5188408313725908	0.5188408313725908	0.009055480801236401	0.0011067834463349407	7.612608173223869	6878.137	5676.9780285258585	134.8333333763266
8.2818	ekf	6877.848056737467	44.57969942497389	44.57969942497389	0	0	0.8777485489696374	-0.4791215762013812	0	0	0.5	-23951.8739190059	-3065.0190186528707	-1489.4388194612818	0	660.8356358340784	112.52350591880696	0	1141.8503581973519	0	500	6878.137	0	45	0	0	0.5251822334035845	0.5251822334035845	0.009166159145869894	0.0011067834463349407	7.612608173223869	6878.137	5676.9780285258585	152.76807384004155
8.3818	ekf	6877.841036871616	45.117969223904765	45.117969223904765	0	0	0.8654974751432273	-0.5009132864285983	0	0	0.5	-24075.371495399875	-1870.2892868943545	-1487.864130146611	0	654.3859273615218	145.41087845928237	0	1141.850376092651	0	500	6878.137	0	45	0	0	0.531523635434578	0.531523635434578	0.009276837490503387	0.0011067834463349407	7.612608173223869	6878.137	5676.9780285258585	167.94812250219596
8.4861	ekf	6877.833625387961	45.67938403531287	45.67938403531287	0	0	0.8521434296364659	-0.5233082985462788	0	0	0.5	-24140.72158847928	-619.2259985559886	-1486.2226537637096	0	645.9165432696293	179.32393223225452	0	1141.8503947567626	0	500	6878.137	0	45	0	0	0.5381377177536606	0.5381377177536606	0.00939227500396932	0.0011067834463349407	7.612608173223869	6878.137	5676.9780285258585	175.36647703410492
8.5861	ekf	6877.826433396466	46.217652698090625	46.217652698090625	0	0	0.8387958040040192	-0.5444461398386908	0	0	0.5	-24142.37159089103	581.9404353095433	-1484.6497377982644	0	636.1468518725462	211.38217740424773	0	1141.8504126507296	0	500	6878.137	0	45	0	0	0.5444791197846542	0.5444791197846542	0.009502953348602815	0.0011067834463349407	7.612608173223869	6878.137	5676.9780285258585	157.80618964652675
8.6861	ekf	6877.819157153688	46.75592079471618	46.75592079471618	0	0	0.8249239583014638	-0.5652437200184051	0	0	0.5	-24084.290460789525	1781.7381873105514	-1483.0776904902061	0	624.7871265296274	242.9120769442809	0	1141.8504305440256	0	500	6878.137	0	45	0	0	0.5508205218156478	0.5508205218156478	0.009613631693236308	0.0011067834463349407	7.612608173223869	6878.137	5676.9780285258585	143.53366070537805
8.7861	ekf	6877.811796659717	47.29418831859593	47.29418831859593	0	0	0.8105365619807593	-0.5856880412748843	0	0	0.5	-23966.618435542474	2977.1987211606047	-1481.5065122632961	0	611.8657606494969	273.8348226184761	0	1141.8504484366777	0	500	6878.137	0	45	0	0	0.5571619238466413	0.5571619238466413	0.009724310037869801	0.0011067834463349407	7.612608173223869	6878.137	5676.9780285258585	134.84606753152045
8.8861	ekf	6877.804351914642	47.832455263136254	47.832455263136254	0	0	0.7956426066962182	-0.6057663265729181	0	0	0.5	-23789.64319653205	4165.364063015235	-1479.9362035411593	0	597.4150509241001	304.0731237619526	0	1141.8504663286556	0	500	6878.137	0	45	0	0	0.563503325877635	0.563503325877635	0.009834988382503296	0.0011067834463349407	7.612608173223869	6878.137	5676.9780285258585	130.43631390904847
8.9861	ekf	6877.796822918555	48.37072162174354	48.37072162174354	0	0	0.7802514006850131	-0.6254660276378529	0	0	0.5	-23553.799165571756	5343.294120508703	-1478.3667647472882	0	581.4711166037633	333.5514004648507	0	1141.850484219965	0	500	6878.137	0	45	0	0	0.5698447279086285	0.5698447279086285	0.009945666727136789	0.0011067834463349407	7.612608173223869	6878.137	5676.9780285258585	129.63385461047983
9.0861	ekf	6877.7892096715495	48.908987387824176	48.908987387824176	0	0	0.7643725629498331	-0.6447748327978563	0	0	0.5	-23259.66643822723	6508.073957945717	-1476.7981963050338	0	564.0738092178728	362.1959724824565	0	1141.850502110631	0	500	6878.137	0	45	0	0	0.5761861299396221	0.5761861299396221	0.010056345071770282	0.0011067834463349407	7.612608173223869	6878.137	5676.9780285258585	133.35214788548066
9.1861	ekf	6877.781512173716	49.447252554784626	49.447252554784626	0	0	0.7480160172473198	-0.6636806746783106	0	0	0.5	-22907.96935666192	7656.821009646628	-1475.2304986375948	0	545.2666129668523	389.9352433975269	0	1141.8505200006305	0	500	6878.137	0	45	0	0	0.5825275319706158	0.5825275319706158	0.010167023416403777	0.0011067834463349407	7.612608173223869	6878.137	5676.9780285258585	142.32045467277223
9.2861	ekf	6877.77373042515	49.98551711603123	49.98551711603123	0	0	0.731191985886042	-0.6821717377435292	0	0	0.5	-22499.574725518294	8786.692213595812	-1473.663672168072	0	525.0965360342806	416.6998795734566	0	1141.8505378899656	0	500	6878.137	0	45	0	0	0.5888689340016093	0.5888689340016093	0.01027770176103727	0.0011067834463349407	7.612608173223869	6878.137	5676.9780285258585	155.24652564963068
9.3861	ekf	6877.765864425947	50.523781064970464	50.523781064970464	0	0	0.7139109833378862	-0.7002364656810817	0	0	0.5	-22035.489675230398	9894.89104773891	-1472.0977173193921	0	503.61399309097146	442.42298345220064	0	1141.8505557786377	0	500	6878.137	0	45	0	0	0.5952103360326029	0.5952103360326029	0.010388380105670763	0.0011067834463349407	7.612608173223869	6878.137	5676.9780285258585	169.22152728970678
9.4817	ekf	6877.758265759151	51.03836082140172	51.03836082140172	0	0	0.696973038236589	-0.7170973322856935	0	0	0.5	-21540.809044137743	10931.53850605831	-1470.6014798117212	0	481.89900306425017	465.9812122888801	0	1141.8505728795992	0	500	6878.137	0	45	0	0	0.6012727163719651	0.6012727163719651	0.010494188603100805	0.0011067834463349407	7.612608173223869	6878.137	5676.9780285258585	179.02594072049092
9.5817	ekf	6877.750234965982	51.5766235536059	51.5766235536059	0	0	0.6788296796410802	-0.7342957619640662	0	0	0.5	-20971.228028190028	11989.471523582062	-1469.037231075581	0	458.00740749564443	489.48375108065096	0	1141.8505907669792	0	500	6878.137	0	45	0	0	0.6076141184029586	0.6076141184029586	0.010604866947734298	0.0011067834463349407	7.612608173223869	6878.137	5676.9780285258585	169.9408688735144
9.6817	ekf	6877.742119922463	52.11488565401213	52.11488565401213	0	0	0.660262074595417	-0.751035280696557	0	0	0.5	-20349.728552569635	13017.803988009033	-1467.4738552096696	0	432.9710337206153	511.76283607179556	0	1141.8506086536993	0	500	6878.137	0	45	0	0	0.6139555204339522	0.6139555204339522	0.010715545292367791	0.0011067834463349407	7.612608173223869	6878.137	5676.9780285258585	162.8038674056055
9.7817	ekf	6877.733920628694	52.65314711602686	52.65314711602686	0	0	0.6412818272482756	-0.7673054268289212	0	0	0.5	-19677.845264303654	14013.989987881392	-1465.9113526363985	0	406.85245959970183	532.7627812409957	0	1141.8506265397546	0	500	6878.137	0	45	0	0	0.6202969224649458	0.6202969224649458	0.010826223637001286	0.0011067834463349407	7.612608173223869	6878.137	5676.9780285258585	156.71570027195
9.8817	ekf	6877.725637084776	53.191407933056546	53.191407933056546	0	0	0.6219007996363373	-0.7830960320495083	0	0	0.5	-18957.237552284303	14975.563001291688	-1464.3497237780084	0	379.7169679263509	552.4310977484225	0	1141.8506444251602	0	500	6878.137	0	45	0	0	0.6266383244959395	0.6266383244959395	0.01093690198163478	0.0011067834463349407	7.612608173223869	6878.137	5676.9780285258585	150.98414846896324
9.9817	ekf	6877.717269290811	53.72966809850765	53.72966809850765	0	0	0.6021311042709007	-0.7983972277441259	0	0	0.5	-18189.685448666627	15900.142002733044	-1462.788969056619	0	351.63238325396134	570.7186251304487	0	1141.8506623098829	0	500	6878.137	0	45	0	0	0.632979726526933	0.632979726526933	0.011047580326268272	0.0011067834463349407	7.612608173223869	6878.137	5676.9780285258585	144.72581528801794
10.0817	ekf	6877.708817246899	54.26792760578667	54.26792760578667	0	0	0.5819850965679577	-0.8131994511636029	0	0	0.5	-17377.085231558824	16785.437358752275	-1461.2290888941993	0	322.66890237007703	587.579654174622	0	1141.85068019396	0	500	6878.137	0	45	0	0	0.6393211285579267	0.6393211285579267	0.011158258670901767	0.0011067834463349407	7.612608173223869	6878.137	5676.9780285258585	137.9145298555723
10.1817	ekf	6877.700280953147	54.80618644830006	54.80618644830006	0	0	0.5614753671264598	-0.8274934514001953	0	0	0.5	-16521.444739868504	17629.25649780795	-1459.6700837125875	0	292.8989188408965	602.9720411691925	0	1141.850698077357	0	500	6878.137	0	45	0	0	0.6456625305889202	0.6456625305889202	0.01126893701553526	0.0011067834463349407	7.612608173223869	6878.137	5676.9780285258585	131.24124567618074
10.2817	ekf	6877.691660409656	55.34444461945433	55.34444461945433	0	0	0.5406147338596039	-0.841270295169103	0	0	0.5	-15624.878411881653	18429.509340293116	-1458.1119539334813	0	262.39684206539886	616.8573132397507	0	1141.8507159601024	0	500	6878.137	0	45	0	0	0.6520039326199137	0.6520039326199137	0.011379615360168753	0.0011067834463349407	7.612608173223869	6878.137	5676.9780285258585	125.98638142341797
10.3817	ekf	6877.682955616533	55.882702112656	55.882702112656	0	0	0.519416233984054	-0.8545213723914824	0	0	0.5	-14689.602059834751	19184.213475276276	-1456.5546999784433	0	231.2389112905999	629.2007645115024	0	1141.8507338421944	0	500	6878.137	0	45	0	0	0.6583453346509074	0.6583453346509074	0.011490293704802248	0.0011067834463349407	7.612608173223869	6878.137	5676.9780285258585	123.93721429295988
10.4882	ekf	6877.67359237003	56.45594559002324	56.45594559002324	0	0	0.49648319671540697	-0.868046332507229	0	0	0.5	-13653.565445953664	19935.788936856177	-1454.897188056847	0	197.42204846286938	640.616545778979	0	1141.850752885879	0	500	6878.137	0	45	0	0	0.6650989278139158	0.6650989278139158	0.011608166141836922	0.0011067834463349407	7.612608173223869	6878.137	5676.9780285258585	126.12502490311333
10.5882	ekf	6877.664713601756	56.99420166238689	56.99420166238689	0	0	0.47462915602266276	-0.8801858691510646	0	0	0.5	-12645.769767212765	20590.64945860961	-1453.3417440119729	0	165.15785391824608	649.682919406057	0	1141.850770766593	0	500	6878.137	0	45	0	0	0.6714403298449093	0.6714403298449093	0.011718844486470415	0.0011067834463349407	7.612608173223869	6878.137	5676.9780285258585	132.0723760695308
10.6882	ekf	6877.655750584182	57.53245703658892	57.53245703658892	0	0	0.452478487559181	-0.891775318281548	0	0	0.5	-11606.62817562525	21194.60604172768	-1451.7871770823724	0	132.48085199853864	657.1254255212904	0	1141.8507886466462	0	500	6878.137	0	45	0	0	0.6777817318759028	0.6777817318759028	0.011829522831103908	0.0011067834463349407	7.612608173223869	6878.137	5676.9780285258585	140.12242836633325
10.7882	ekf	6877.646703317415	58.07071170603584	58.07071170603584	0	0	0.4300450347716259	-0.9028074368702727	0	0	0.5	-10538.709768675899	21746.16151335551	-1450.2334876890386	0	99.47271811725277	662.9254617958295	0	1141.8508065260444	0	500	6878.137	0	45	0	0	0.6841231339068966	0.6841231339068966	0.011940201175737403	0.0011067834463349407	7.612608173223869	6878.137	5676.9780285258585	149.64091958526527
10.8882	ekf	6877.637571801567	58.60896566413419	58.60896566413419	0	0	0.40734281783765797	-0.9132753302022764	0	0	0.5	-9444.654985195442	22243.94826026508	-1448.6806762528247	0	66.21595534234072	667.0685312163776	0	1141.8508244047694	0	500	6878.137	0	45	0	0	0.6904645359378901	0.6904645359378901	0.012050879520370896	0.0011067834463349407	7.612608173223869	6878.137	5676.9780285258585	160.2687342995216
10.9882	ekf	6877.62835603675	59.14721890429053	59.14721890429053	0	0	0.3843860249037795	-0.9231724561850139	0	0	0.5	-8327.16907664861	22686.73161960932	-1447.1287431944318	0	32.793688181844324	669.5442783198671	0	1141.8508422828265	0	500	6878.137	0	45	0	0	0.6968059379688837	0.6968059379688837	0.01216155786500439	0.0011067834463349407	7.612608173223869	6878.137	5676.9780285258585	171.51490967970682
11.0882	ekf	6877.619056023077	59.68547141991144	59.68547141991144	0	0	0.3611890032182049	-0.9324926294369513	0	0	0.5	-7189.015417717179	23073.41294092881	-1445.5776889344495	0.7105451839877934	0	670.3465150767136	0	1141.850860160225	0	500	6878.137	0	45	0	0	0.7031473399998773	0.7031473399998773	0.012272236209637884	0.0011067834463349407	7.612608173223869	6878.137	5676.9780285258585	177.28485916324658
11.1882	ekf	6877.6096717606615	60.22372320440345	60.22372320440345	0	0	0.3377662501642978	-0.9412300251532295	0	0	0.5	-6033.008672719488	23403.032311818453	-1444.027513893309	34.21300170441792	0	669.4732363575	0	1141.8508780369602	0	500	6878.137	0	45	0	0	0.7094887420308709	0.7094887420308709	0.012382914554271377	0.0011067834463349407	7.612608173223869	6878.137	5676.9780285258585	166.41722410121852
11.2882	ekf	6877.600203249619	60.76197425117317	60.76197425117317	0	0	0.314132404200178	-0.9493791827459753	0	0	0.5	-4862.007834766149	23674.77094049205	-1442.478218491293	67.62994277198705	0	666.9266249446364	0	1141.8508959130422	0	500	6878.137	0	45	0	0	0.7158301440618644	0.7158301440618644	0.01249359289890487	0.0011067834463349407	7.612608173223869	6878.137	5676.9780285258585	155.46981952493022
11.3882	ekf	6877.590650490064	61.30022455362719	61.30022455362719	0	0	0.29030223571016206	-0.9569350092569932	0	0	0.5	-3678.9091548664064	23887.95318933329	-1440.9298031485612	100.87784352534158	0	662.7130460765145	0	1141.8509137884525	0	500	6878.137	0	45	0	0	0.7221715460928582	0.7221715460928582	0.012604271243538365	0.0011067834463349407	7.612608173223869	6878.137	5676.9780285258585	144.12505599161074
11.4656	ekf	6877.5831988144355	61.716829772732474	61.716829772732474	0	0	0.2717323526349076	-0.9623728635677018	0	0	0.5	-2756.7419613723537	24012.412873424208	-1439.731934133512	126.44289045603841	0	658.313836504757	0	1141.8509276235545	0	500	6878.137	0	45	0	0	0.7270797912671153	0.7270797912671153	0.012689936282324276	0.0011067834463349407	7.612608173223869	6878.137	5676.9780285258585	136.20902242911598
11.5656	ekf	6877.573496598311	62.2550787385471	62.2550787385471	0	0	0.24759062528799566	-0.968864738892638	0	0	0.5	-1559.3968648095197	24120.502785275323	-1438.185081049312	159.1868298781236	0	651.1716007390382	0	1141.8509454977827	0	500	6878.137	0	45	0	0	0.733421193298109	0.733421193298109	0.01280061462695777	0.0011067834463349407	7.612608173223869	6878.137	5676.9780285258585	125.35760997690853
11.6656	ekf	6877.563710134002	62.793326941755936	62.793326941755936	0	0	0.22329416186070863	-0.9747511052976159	0	0	0.5	-358.1232174136085	24168.92410909296	-1436.6391091891646	191.53288470245187	0	642.4017769500355	0	1141.8509633713584	0	500	6878.137	0	45	0	0	0.7397625953291025	0.7397625953291025	0.012911292971591264	0.0011067834463349407	7.612608173223869	6878.137	5676.9780285258585	116.94882297767012
11.7656	ekf	6877.553839421627	63.33157437576562	63.33157437576562	0	0	0.1988581468517057	-0.980028283995266	0	0	0.5	844.1072079559117	24157.553605098026	-1435.0940189726794	223.40020673079704	0	632.026285148931	0	1141.8509812442471	0	500	6878.137	0	45	0	0	0.746103997360096	0.746103997360096	0.013021971316224757	0.0011067834463349407	7.612608173223869	6878.137	5676.9780285258585	111.63373893106512
11.8656	ekf	6877.54388446131	63.86982103398277	63.86982103398277	0	0	0.1742978519748414	-0.984692976920703	0	0	0.5	2044.320103459594	24086.415954271364	-1433.5498108193553	254.7091443481971	0	620.0710586759669	0	1141.8509991164947	0	500	6878.137	0	45	0	0	0.7524453993910897	0.7524453993910897	0.013132649660858252	0.0011067834463349407	7.612608173223869	6878.137	5676.9780285258585	109.37345952526422
11.9656	ekf	6877.533845253172	64.40806690981402	64.40806690981402	0	0	0.14962862661484186	-0.9887422687927103	0	0	0.5	3239.5459847261873	23955.683705465122	-1432.0064851485272	285.38144161074234	0	606.5659793807056	0	1141.8510169880676	0	500	6878.137	0	45	0	0	0.7587868014220833	0.7587868014220833	0.013243328005491745	0.0011067834463349407	7.612608173223869	6878.137	5676.9780285258585	109.9390879585217
12.0656	ekf	6877.5237217973345	64.94631199666603	64.94631199666603	0	0	0.12486588823443875	-0.9921736289356944	0	0	0.5	4426.827537764932	23765.676856677517	-1430.4640423793924	315.3404338440765	0	591.5448029328377	0	1141.851034858976	0	500	6878.137	0	45	0	0	0.7651282034530769	0.7651282034530769	0.013354006350125238	0.0011067834463349407	7.612608173223869	6878.137	5676.9780285258585	113.09041648040585
12.1656	ekf	6877.513514093923	65.4845562879455	65.4845562879455	0	0	0.10002511273895713	-0.9949849128612751	0	0	0.5	5603.226936164192	23516.862071508483	-1428.9224829310106	344.51123926507705	0	575.0450744506188	0	1141.8510527292137	0	500	6878.137	0	45	0	0	0.7714696054840705	0.7714696054840705	0.013464684694758733	0.0011067834463349407	7.612608173223869	6878.137	5676.9780285258585	118.21954070044747
12.2656	ekf	6877.503222143062	66.02279977705902	66.02279977705902	0	0	0.0751218248043785	-0.9971743636085219	0	0	0.5	6765.83311047214	23209.851532715253	-1427.3818072222998	372.82094614703243	0	557.1080346576335	0	1141.8510705988062	0	500	6878.137	0	45	0	0	0.777811007515064	0.777811007515064	0.013575363039392226	0.0011067834463349407	7.612608173223869	6878.137	5676.9780285258585	124.34715118012599
12.3656	ekf	6877.492845944877	66.56104245741335	66.56104245741335	0	0	0.050171588174923655	-0.9987406128419962	0	0	0.5	7911.76895177183	22845.401435684667	-1425.8420156720363	400.1987950608876	0	537.7785168024504	0	1141.8510884677055	0	500	6878.137	0	45	0	0	0.7841524095460576	0.7841524095460576	0.013686041384025719	0.0011067834463349407	7.612608173223869	6878.137	5676.9780285258585	130.80634414261317
12.4602	ekf	6877.48295251539	67.07021928244755	67.07021928244755	0	0	0.02653954418143538	-0.9996477642623135	0	0	0.5	8977.91589042851	22448.571233983446	-1424.386187075151	425.1786205190187	0	518.2547042830033	0	1141.8511053710893	0	500	6878.137	0	45	0	0	0.7901513758651101	0.7901513758651101	0.01379074309800943	0.0011067834463349407	7.612608173223869	6878.137	5676.9780285258585	137.56863893799758
12.5602	ekf	6877.47241237228	67.60846037005697	67.60846037005697	0	0	0.0015426601486682831	-0.9999988100991251	0	0	0.5	10083.32529910139	21975.04534136825	-1422.8481172970903	450.54917920778087	0	496.3569517089195	0	1141.8511232386993	0	500	6878.137	0	45	0	0	0.7964927778961037	0.7964927778961037	0.013901421442642923	0.0011067834463349407	7.612608173223869	6878.137	5676.9780285258585	145.3258759185071
12.6602	ekf	6877.461787982223	68.14670062948333	68.14670062948333	0	0	-0.02345518799646969	-0.9997248892350586	0	0	0.5	11163.853547764355	21447.125222434646	-1421.3109329103602	474.7936001002232	0	473.2185670862725	0	1141.8511411056613	0	500	6878.137	0	45	0	0	0.8028341799270974	0.8028341799270974	0.014012099787276418	0.0011067834463349407	7.612608173223869	6878.137	5676.9780285258585	153.9179480848354
12.7602	ekf	6877.45107934535	68.68494005413332	68.68494005413332	0	0	-0.04843837741270461	-0.9988261728617369	0	0	0.5	12216.825964462838	20866.113822483756	-1419.7746343331971	497.8512848614175	0	448.89738429852906	0	1141.851158971947	0	500	6878.137	0	45	0	0	0.8091755819580909	0.8091755819580909	0.01412277813190991	0.0011067834463349407	7.612608173223869	6878.137	5676.9780285258585	162.34033154642677
12.8602	ekf	6877.440286461792	69.22317863741368	69.22317863741368	0	0	-0.07339129441999087	-0.997303222647635	0	0	0.5	13239.635899921916	20233.4455089676	-1418.2392219836627	519.6646013770721	0	423.4541936040856	0	1141.8511768375654	0	500	6878.137	0	45	0	0	0.8155169839890845	0.8155169839890845	0.014233456476543404	0.0011067834463349407	7.612608173223869	6878.137	5676.9780285258585	169.9765696940834
12.9602	ekf	6877.429409331682	69.76141637273115	69.76141637273115	0	0	-0.09829834425755293	-0.9951569903870563	0	0	0.5	14229.751180202556	19550.68253008718	-1416.7046962796937	540.179027803757	0	396.9525896923441	0	1141.8511947025174	0	500	6878.137	0	45	0	0	0.8218583860200781	0.8218583860200781	0.014344134821176899	0.0011067834463349407	7.612608173223869	6878.137	5676.9780285258585	176.649698784089
13.0602	ekf	6877.418447955154	70.29965325349247	70.29965325349247	0	0	-0.12314396083010311	-0.9923888174052921	0	0	0.5	15184.720375452049	18819.51115681936	-1415.1710576390801	559.3432888448735	0	369.45881273020376	0	1141.8512125668078	0	500	6878.137	0	45	0	0	0.8281997880510716	0.8281997880510716	0.014454813165810392	0.0011067834463349407	7.612608173223869	6878.137	5676.9780285258585	177.63078653262943
13.1602	ekf	6877.407402332339	70.83788927310441	70.83788927310441	0	0	-0.14791261643614437	-0.9890004337203367	0	0	0.5	16102.178869230058	18041.737517900852	-1413.6383064794695	577.1094839119268	0	341.0415827962571	0	1141.8512304304445	0	500	6878.137	0	45	0	0	0.8345411900820653	0.8345411900820653	0.014565491510443885	0.0011067834463349407	7.612608173223869	6878.137	5676.9780285258585	172.41669516974218
13.2602	ekf	6877.396272463376	71.37612442497375	71.37612442497375	0	0	-0.1725888314722782	-0.984993956961683	0	0	0.5	16979.85471338391	17219.283138057086	-1412.1064432183703	593.4332068510193	0	311.77192811641953	0	1141.8512482933872	0	500	6878.137	0	45	0	0	0.8408825921130589	0.8408825921130589	0.01467616985507738	0.0011067834463349407	7.612608173223869	6878.137	5676.9780285258585	166.48435352134732
13.3602	ekf	6877.385058348399	71.91435870250726	71.91435870250726	0	0	-0.19715718410745284	-0.9803718910468722	0	0	0.5	17815.574253976967	16354.180190499468	-1410.575468273149	608.273656934555	0	281.72300753065474	0	1141.8512661556902	0	500	6878.137	0	45	0	0	0.8472239941440525	0.8472239941440525	0.014786848199710873	0.0011067834463349407	7.612608173223869	6878.137	5676.9780285258585	158.13664160968304
13.4606	ekf	6877.373714624932	72.45474503111292	72.45474503111292	0	0	-0.22169983253411257	-0.9751149595070043	0	0	0.5	18610.34321495482	15444.865644296842	-1409.0392635007595	621.6439223428475	0	250.8456039058933	0	1141.8512840887565	0	500	6878.137	0	45	0	0	0.8535907617854381	0.8535907617854381	0.014897969257762487	0.0011067834463349407	7.612608173223869	6878.137	5676.9780285258585	146.65533215853608
13.5606	ekf	6877.362331681359	72.99297753663187	72.99297753663187	0	0	-0.24600588957105982	-0.9692683334847744	0	0	0.5	19355.86128555523	14500.83083853085	-1407.5100699962472	633.4040705665668	0	219.4628786662234	0	1141.8513019497111	0	500	6878.137	0	45	0	0	0.8599321638164318	0.8599321638164318	0.015008647602395982	0.0011067834463349407	7.612608173223869	6878.137	5676.9780285258585	133.78325493274903
13.6606	ekf	6877.350864492189	73.53120914800901	73.53120914800901	0	0	-0.27015820093586324	-0.9628159463091054	0	0	0.5	20053.53723727466	13520.865880197845	-1405.9817660605177	643.581039810747	0	187.53161188736223	0	1141.8513198099993	0	500	6878.137	0	45	0	0	0.8662735658474254	0.8662735658474254	0.015119325947029475	0.0011067834463349407	7.612608173223869	6878.137	5676.9780285258585	122.58153686554655
13.7606	ekf	6877.339313057561	74.06943985865122	74.06943985865122	0	0	-0.29414167222020965	-0.9557618305119214	0	0	0.5	20701.64228040007	12507.39311568169	-1404.4543521103508	652.1493930187482	0	155.13161503877785	0	1141.8513376696333	0	500	6878.137	0	45	0	0	0.872614967878419	0.872614967878419	0.015230004291662968	0.0011067834463349407	7.612608173223869	6878.137	5676.9780285258585	116.78863763699115
13.8606	ekf	6877.327677377618	74.60766966196529	74.60766966196529	0	0	-0.3179413145353397	-0.948110394685946	0	0	0.5	21298.57016552166	11462.917925640842	-1402.9278285624155	659.0877138328925	0	122.34387116767219	0	1141.8513555285735	0	500	6878.137	0	45	0	0	0.8789563699094126	0.8789563699094126	0.015340682636296463	0.0011067834463349407	7.612608173223869	6878.137	5676.9780285258585	119.31926977084834
13.9606	ekf	6877.315957452501	75.1458985513581	75.1458985513581	0	0	-0.341542253879615	-0.9398664207294741	0	0	0.5	21842.84116412986	10390.022531298891	-1401.4021958332105	664.3786601237683	0	89.250332483982	0	1141.8513733868751	0	500	6878.137	0	45	0	0	0.8852977719404062	0.8852977719404062	0.015451360980929956	0.0011067834463349407	7.612608173223869	6878.137	5676.9780285258585	128.28975009484046
14.0606	ekf	6877.304153282355	75.68412652023649	75.68412652023649	0	0	-0.3649297404342851	-0.931035060857842	0	0	0.5	22333.105736415433	9291.359610298501	-1399.8774543391007	668.0090073367041	0	55.93371552238497	0	1141.8513912444896	0	500	6878.137	0	45	0	0	0.8916391739713997	0.8916391739713997	0.01556203932556345	0.0011067834463349407	7.612608173223869	6878.137	5676.9780285258585	139.8348638944514
14.1606	ekf	6877.292264867324	76.22235356200736	76.22235356200736	0	0	-0.388089157781644	-0.9216218343834602	0	0	0.5	22768.14787718121	8169.64573790303	-1398.353604496304	669.969681545898	0	22.477294394494294	0	1141.8514091014429	0	500	6878.137	0	45	0	0	0.8979805760023932	0.8979805760023932	0.015672717670196942	0.0011067834463349407	7.612608173223869	6878.137	5676.9780285258585	152.7149256642176
14.2606	ekf	6877.280292207554	76.76057967007756	76.76057967007756	0	0	-0.41100603203981545	-0.9116326242664237	0	0	0.5	23146.88813157132	7027.654669762862	-1396.8306467208947	670.2557821344606	0	0	11.035307352967124	1141.8514269577302	0	500	6878.137	0	45	0	0	0.904321978033387	0.904321978033387	0.015783396014830437	0.0011067834463349407	7.612608173223869	6878.137	5676.9780285258585	165.9443643709075
14.3606	ekf	6877.268235303191	77.29880483785401	77.29880483785401	0	0	-0.43366604090845773	-0.9010736734378516	0	0	0.5	23468.38627313938	5868.210482856679	-1395.308581428808	668.8665940432963	0	0	44.52032575328695	1141.8514448133346	0	500	6878.137	0	45	0	0	0.9106633800643806	0.9106633800643806	0.015894074359463932	0.0011067834463349407	7.612608173223869	6878.137	5676.9780285258585	178.65788797311336
14.4632	ekf	6877.255777360868	77.85102287560528	77.85102287560528	0	0	-0.4566333947570118	-0.889654957156249	0	0	0.5	23737.91316293436	4663.487355589554	-1393.7478704673938	665.7037645278381	0	0	78.75954651377735	1141.8514631325106	0	500	6878.137	0	45	0	0	0.9171696585459125	0.9171696585459125	0.01600763034101832	0.0011067834463349407	7.612608173223869	6878.137	5676.9780285258585	168.80435987308755
14.5632	ekf	6877.243549777415	78.38924611813653	78.38924611813653	0	0	-0.47872976137326795	-0.8779623087442274	0	0	0.5	23941.141105220617	3477.51069373059	-1392.227614620905	660.9354658712016	0	0	111.93242053422208	1141.8514809867856	0	500	6878.137	0	45	0	0	0.9235110605769059	0.9235110605769059	0.01611830868565181	0.0011067834463349407	7.612608173223869	6878.137	5676.9780285258585	156.6068383240456
14.6632	ekf	6877.231237949819	78.92746840042332	78.92746840042332	0	0	-0.5005269374739395	-0.8657209624717189	0	0	0.5	24085.151898060354	2282.861285664294	-1390.7082525154792	654.5151745763102	0	0	144.8255212384215	1141.8514988403783	0	500	6878.137	0	45	0	0	0.9298524626078996	0.9298524626078996	0.016228987030285306	0.0011067834463349407	7.612608173223869	6878.137	5676.9780285258585	144.89036081881412
14.7632	ekf	6877.218841878232	79.46568971587261	79.46568971587261	0	0	-0.522011300533581	-0.8529385687816208	0	0	0.5	24169.585862795862	1082.494136251451	-1389.1897845664666	646.458938053339	0	0	177.35663309653265	1141.8515166933087	0	500	6878.137	0	45	0	0	0.9361938646388932	0.9361938646388932	0.0163396653749188	0.0011067834463349407	7.612608173223869	6878.137	5676.9780285258585	136.92506557826795
14.8632	ekf	6877.206361562804	80.00391005789137	80.00391005789137	0	0	-0.5431694235247138	-0.8396231162538526	0	0	0.5	24194.23069091684	-120.62143796231976	-1387.6722111890817	636.7868927189512	0	0	209.4444453634998	1141.8515345455692	0	500	6878.137	0	45	0	0	0.9425352666698866	0.9425352666698866	0.016450343719552292	0.0011067834463349407	7.612608173223869	6878.137	5676.9780285258585	135.05628476375819
14.9632	ekf	6877.193797003689	80.54212941988658	80.54212941988658	0	0	-0.5639880833092809	-0.8257829266127531	0	0	0.5	24159.021977414523	-1323.5091539260193	-1386.155532798379	625.5232136656741	0	0	241.0087553132698	1141.85155239717	0	500	6878.137	0	45	0	0	0.9488766687008803	0.9488766687008803	0.016561022064185787	0.0011067834463349407	7.612608173223869	6878.137	5676.9780285258585	138.08523417166367
15.0632	ekf	6877.181148201042	81.08034779526518	81.08034779526518	0	0	-0.5844542689026786	-0.8114266495262744	0	0	0.5	24064.043388256592	-2523.1931248925903	-1384.6397498092977	612.696054236765	0	0	271.9706687037864	1141.851570248085	0	500	6878.137	0	45	0	0	0.955218070731874	0.955218070731874	0.01667170040881928	0.0011067834463349407	7.612608173223869	6878.137	5676.9780285258585	143.12168345838694
15.1632	ekf	6877.168415155015	81.61856517743416	81.61856517743416	0	0	-0.6045551896051973	-0.7965632572002201	0	0	0.5	23909.5264615497	-3716.705222644123	-1383.1248626366066	598.3374756573846	0	0	302.25279697088314	1141.8515880983525	0	500	6878.137	0	45	0	0	0.9615594727628675	0.9615594727628675	0.016782378753452773	0.0011067834463349407	7.612608173223869	6878.137	5676.9780285258585	148.789562524176
15.2632	ekf	6877.155597865768	82.15678155980054	82.15678155980054	0	0	-0.6242782829957927	-0.7812020387709092	0	0	0.5	23695.85004286212	-4901.092420918696	-1381.6108716949348	582.4833668983263	0	0	331.7794506596415	1141.8516059479357	0	500	6878.137	0	45	0	0	0.9679008747938611	0.9679008747938611	0.016893057098086268	0.0011067834463349407	7.612608173223869	6878.137	5676.9780285258585	155.0568478407209
15.3632	ekf	6877.142696333455	82.69499693577133	82.69499693577133	0	0	-0.6436112227831904	-0.7653525944997682	0	0	0.5	23423.53935608429	-6073.424101870907	-1380.0977773987743	565.1733549722059	0	0	360.4768286079972	1141.8516237968536	0	500	6878.137	0	45	0	0	0.9742422768248548	0.9742422768248548	0.017003735442719763	0.0011067834463349407	7.612608173223869	6878.137	5676.9780285258585	161.96082037808782
15.4648	ekf	6877.129502101103	83.24182272042	83.24182272042	0	0	-0.6628414834344459	-0.748759753084007	0	0	0.5	23087.513440157527	-7249.180045742888	-1378.5613922998914	546.1399125341716	0	0	388.71023838889624	1141.8516419306764	0	500	6878.137	0	45	0	0	0.9806851412898563	0.9806851412898563	0.017116184640893782	0.0011067834463349407	7.612608173223869	6878.137	5676.9780285258585	170.4570837723788
15.5648	ekf	6877.116430735252	83.78003604745379	83.78003604745379	0	0	-0.6813514001923732	-0.7319564669130894	0	0	0.5	22699.18157279036	-8388.426477665449	-1377.050106900584	526.0299688796742	0	0	415.5200523110002	1141.8516597782325	0	500	6878.137	0	45	0	0	0.9870265433208497	0.9870265433208497	0.017226862985527273	0.0011067834463349407	7.612608173223869	6878.137	5676.9780285258585	178.99785259405232
15.6648	ekf	6877.103275126816	84.31824834820762	84.31824834820762	0	0	-0.6994354945068972	-0.7146957317795399	0	0	0.5	22254.671094763202	-9506.987392901896	-1375.5397193960025	504.60522611625896	0	0	441.2912828838084	1141.8516776251438	0	500	6878.137	0	45	0	0	0.9933679453518434	0.9933679453518434	0.017337541330160768	0.0011067834463349407	7.612608173223869	6878.137	5676.9780285258585	166.68582937859003
15.7648	ekf	6877.090035275955	84.85645961608854	84.85645961608854	0	0	-0.7170824644078078	-0.6969883350808858	0	0	0.5	21755.078465347207	-10602.094373525473	-1374.0302302000434	481.91923492152347	0	0	465.9595155449508	1141.85169547137	0	500	6878.137	0	45	0	0	0.999709347382837	0.999709347382837	0.017448219674794263	0.0011067834463349407	7.612608173223869	6878.137	5676.9780285258585	155.33461104764342
15.8648	ekf	6877.076711182833	85.3946698445036	85.3946698445036	0	0	-0.7342812811134221	-0.6788453433635909	0	0	0.5	21201.63647452018	-11671.036869317972	-1372.5216397264924	458.0286984327102	0	0	489.463092651116	1141.851713316923	0	500	6878.137	0	45	0	0	1.0060507494138304	1.0060507494138304	0.017558898019427754	0.0011067834463349407	7.612608173223869	6878.137	5676.9780285258585	149.48515597507247
15.9648	ekf	6877.063302847612	85.93287902685995	85.93287902685995	0	0	-0.7510211959232148	-0.6602780954068249	0	0	0.5	20595.711200627153	-12711.168906658231	-1371.0139483889438	432.993330518466	0	0	511.7432675898087	1141.851731161825	0	500	6878.137	0	45	0	0	1.0123921514448242	1.0123921514448242	0.01766957636406125	0.0011067834463349407	7.612608173223869	6878.137	5676.9780285258585	152.83819601223746
16.0648	ekf	6877.049810270457	86.47108715656466	86.47108715656466	0	0	-0.7672917469354058	-0.6412981951360953	0	0	0.5	19938.79863813186	-13719.915638013594	-1369.507156600875	406.8757065252794	0	0	532.7443516154091	1141.8517490060322	0	500	6878.137	0	45	0	0	1.0187335534758177	1.0187335534758177	0.017780254708694744	0.0011067834463349407	7.612608173223869	6878.137	5676.9780285258585	164.25367978335467
16.1648	ekf	6877.036233451532	87.00929422702485	87.00929422702485	0	0	-0.7830827655853078	-0.6219175043711717	0	0	0.5	19232.52100378302	-14694.779715822104	-1368.0012647756068	379.74110687191677	0	0	552.4138530413142	1141.8517668495974	0	500	6878.137	0	45	0	0	1.0250749555068115	1.0250749555068115	0.01789093305332824	0.0011067834463349407	7.612608173223869	6878.137	5676.9780285258585	178.4136570483493
16.2648	ekf	6877.022572391003	87.54750023164765	87.54750023164765	0	0	-0.7983843830003484	-0.6021481354128343	0	0	0.5	18478.622730318028	-15633.347474988315	-1366.4962733263185	351.65735388231553	0	0	570.7026084420869	1141.851784692479	0	500	6878.137	0	45	0	0	1.0314163575378053	1.0314163575378053	0.018001611397961737	0.0011067834463349407	7.612608173223869	6878.137	5676.9780285258585	167.55824346424845
16.3648	ekf	6877.00882708904	88.08570516384017	88.08570516384017	0	0	-0.8131870361677951	-0.5820024434730813	0	0	0.5	17678.966157598163	-16533.294908687294	-1364.992182666044	322.69464226533313	0	0	587.5649055358563	1141.8518025346912	0	500	6878.137	0	45	0	0	1.037757759568799	1.037757759568799	0.018112289742595232	0.0011067834463349407	7.612608173223869	6878.137	5676.9780285258585	152.37386907273714
16.4648	ekf	6876.994997545809	88.62390901700957	88.62390901700957	0	0	-0.8274814739113251	-0.5614930189535228	0	0	0.5	16835.526931820077	-17392.393422682475	-1363.488993207669	292.9253636645914	0	0	602.9585974411597	1141.8518203762296	0	500	6878.137	0	45	0	0	1.0440991615997925	1.0440991615997925	0.018222968087228723	0.0011067834463349407	7.612608173223869	6878.137	5676.9780285258585	134.31000789676463
16.5648	ekf	6876.9810837614805	89.16211178456304	89.16211178456304	0	0	-0.8412587626727115	-0.5406326795767886	0	0	0.5	15950.389124168949	-18208.515353909745	-1361.986705363932	262.42392571722894	0	0	616.8452080219539	1141.8518382171098	0	500	6878.137	0	45	0	0	1.050440563630786	1.050440563630786	0.018333646431862218	0.0011067834463349407	7.612608173223869	6878.137	5676.9780285258585	117.04953542958825
16.6648	ekf	6876.967085736225	89.70031345990776	89.70031345990776	0	0	-0.8545102920950042	-0.5194344623758715	0	0	0.5	15025.740080976171	-18979.639239663004	-1360.4853195474216	231.26656607362523	0	0	629.1900280578315	1141.85185605731	0	500	6878.137	0	45	0	0	1.0567819656617798	1.0567819656617798	0.018444324776495713	0.0011067834463349407	7.612608173223869	6878.137	5676.9780285258585	113.27808611426892
16.7648	ekf	6876.953003470213	90.23851403645091	90.23851403645091	0	0	-0.8672277804037242	-0.497911615546404	0	0	0.5	14063.865018106619	-19703.85482433279	-1358.9848361706022	199.53116184323468	0	0	639.9622019986372	1141.8518738968412	0	500	6878.137	0	45	0	0	1.0631233676927736	1.0631233676927736	0.01855500312112921	0.0011067834463349407	7.612608173223869	6878.137	5676.9780285258585	128.60400048992037
16.8648	ekf	6876.938836963618	90.7767135075997	90.7767135075997	0	0	-0.8794032795827023	-0.47607759016696805	0	0	0.5	13067.141372935233	-20379.367791297573	-1357.4852556457695	167.297034942461	0	0	649.1348050872087	1141.8518917357012	0	500	6878.137	0	45	0	0	1.0694647697237674	1.0694647697237674	0.018665681465762706	0.0011067834463349407	7.612608173223869	6878.137	5676.9780285258585	152.21566077586988
16.9648	ekf	6876.924586216613	91.31491186676135	91.31491186676135	0	0	-0.8910291803413308	-0.45394603179260884	0	0	0.5	12038.032927873643	-21004.504208247155	-1355.9865783850787	134.64475383135695	0	0	656.6849106570584	1141.8519095738864	0	500	6878.137	0	45	0	0	1.075806171754761	1.075806171754761	0.0187763598103962	0.0011067834463349407	7.612608173223869	6878.137	5676.9780285258585	174.7882732457036
17.0648	ekf	6876.910251229372	91.85310910734309	91.85310910734309	0	0	-0.9020982168701224	-0.43153077192680694	0	0	0.5	10979.083719971773	-21577.714674926112	-1354.488804800535	101.65593213463701	0	0	662.5936474369182	1141.851927411418	0	500	6878.137	0	45	0	0	1.0821475737857547	1.0821475737857547	0.018887038155029696	0.0011067834463349407	7.612608173223869	6878.137	5676.9780285258585	169.67054190923568
17.1648	ekf	6876.895832002072	92.39130522275217	92.39130522275217	0	0	-0.912603471381604	-0.40884581937723913	0	0	0.5	9892.911751650787	-22097.578163020138	-1352.9919353040054	68.41302465017385	0	0	666.8462467190366	1141.8519452482499	0	500	6878.137	0	45	0	0	1.0884889758167484	1.0884889758167484	0.018997716499663194	0.0011067834463349407	7.612608173223869	6878.137	5676.9780285258585	162.83741132293528
17.2648	ekf	6876.881328534889	92.92950020639587	92.92950020639587	0	0	-0.9225383784337097	-0.3859053515007295	0	0	0.5	8782.202518115908	-22562.80553866992	-1351.4959703072036	34.99912125541291	0	0	669.432079272888	1141.8519630844362	0	500	6878.137	0	45	0	0	1.0948303778477422	1.0948303778477422	0.01910839484429669	0.0011067834463349407	7.612608173223869	6878.137	5676.9780285258585	159.75212851482064
17.3648	ekf	6876.866740828	93.4676940516814	93.4676940516814	0	0	-0.9318967290329674	-0.3627237053428632	0	0	0.5	7649.702367451792	-22972.2427588814	-1350.0009102216982	1.4977392257654134	0	0	670.344681912893	1141.8519809199295	0	500	6878.137	0	45	0	0	1.1011717798787357	1.1011717798787357	0.019219073188930184	0.0011067834463349407	7.612608173223869	6878.137	5676.9780285258585	155.33689222691703
17.4687	ekf	6876.851494968945	94.02687624391292	94.02687624391292	0	0	-0.9410030598315023	-0.33839805169023973	0	0	0.5	6452.957887103735	-23337.46289206879	-1348.4485017714742	0	33.313007609821184	0	669.5180859486708	1141.851999450314	0	500	6878.137	0	45	0	0	1.1077604965874275	1.1077604965874275	0.019334067988978017	0.0011067834463349407	7.612608173223869	6878.137	5676.9780285258585	145.75278017144396
17.5687	ekf	6876.836735497852	94.56506774766036	94.56506774766036	0	0	-0.9491680817400489	-0.31476968184041504	0	0	0.5	5284.752962767883	-23630.14663155027	-1346.955288074629	0	66.73331502437809	0	667.0163994220376	1141.8520172844405	0	500	6878.137	0	45	0	0	1.1141018986184212	1.1141018986184212	0.019444746333611516	0.0011067834463349407	7.612608173223869	6878.137	5676.9780285258585	128.41742653301526
17.6687	ekf	6876.821891787599	95.10325809301447	95.10325809301447	0	0	-0.9567399044981235	-0.2909445911869159	0	0	0.5	4103.406053740628	-23864.38987440678	-1345.4629805389457	0	99.98682322493545	0	662.8475210462944	1141.8520351179225	0	500	6878.137	0	45	0	0	1.120443300649415	1.120443300649415	0.01955542467824501	0.0011067834463349407	7.612608173223869	6878.137	5676.9780285258585	103.65731867945111
17.7687	ekf	6876.80696383837	95.64144727338255	95.64144727338255	0	0	-0.9637137959630069	-0.2669376696357637	0	0	0.5	2911.8388957380575	-24039.60978953785	-1343.9715795753903	0	132.99041584879294	0	657.021870878108	1141.8520529507034	0	500	6878.137	0	45	0	0	1.1267847026804085	1.1267847026804085	0.019666103022878505	0.0011067834463349407	7.612608173223869	6878.137	5676.9780285258585	89.54493719369393
17.8687	ekf	6876.791951650346	96.179635282172	96.179635282172	0	0	-0.9700853976795717	-0.2427639207313712	0	0	0.5	1712.9986717831912	-24155.369528901283	-1342.4810855947908	0	165.66160119319412	0	649.5540100361127	1141.8520707828234	0	500	6878.137	0	45	0	0	1.1331261047114023	1.1331261047114023	0.019776781367512	0.0011067834463349407	7.612608173223869	6878.137	5676.9780285258585	103.24742589554822
17.9687	ekf	6876.776855223711	96.7178221127902	96.7178221127902	0	0	-0.9758507276041756	-0.21843845227981581	0	0	0.5	509.85072266028965	-24211.37931622566	-1340.991499007821	0	197.91871840186786	0	640.4626043058778	1141.8520886142671	0	500	6878.137	0	45	0	0	1.139467506742396	1.139467506742396	0.0198874597121455	0.0011067834463349407	7.612608173223869	6878.137	5676.9780285258585	130.75592904183412
18.0687	ekf	6876.76167455865	97.25600775864443	97.25600775864443	0	0	-0.9810061825933087	-0.19397646690695264	0	0	0.5	-694.6287879418906	-24207.49717194497	-1339.502820225021	0	229.68114157418952	0	629.7703774850123	1141.8521064450538	0	500	6878.137	0	45	0	0	1.1458089087733898	1.1458089087733898	0.019998138056778993	0.0011067834463349407	7.612608173223869	6878.137	5676.9780285258585	157.0643121355425
18.1687	ekf	6876.74640965535	97.79419221314217	97.79419221314217	0	0	-0.9855485406554412	-0.16939325255726825	0	0	0.5	-1897.4602354545614	-24143.72927254209	-1338.0150496567694	0	260.8694812878746	0	617.5040545854996	1141.8521242751574	0	500	6878.137	0	45	0	0	1.1521503108043833	1.1521503108043833	0.020108816401412488	0.0011067834463349407	7.612608173223869	6878.137	5676.9780285258585	173.33759822294283
18.2687	ekf	6876.731060513997	98.33237546969075	98.33237546969075	0	0	-0.9894749629646628	-0.144704172939413	0	0	0.5	-3095.6679054099545	-24020.229943393897	-1336.5281877133043	0	291.40578303074943	0	603.694295034999	1141.8521421045846	0	500	6878.137	0	45	0	0	1.158491712835377	1.158491712835377	0.020219494746045983	0.0011067834463349407	7.612608173223869	6878.137	5676.9780285258585	179.44302711888133
18.3687	ekf	6876.715627134779	98.87055752169766	98.87055752169766	0	0	-0.9927829956348567	-0.1199246579243834	0	0	0.5	-4286.287355144812	-23837.301285116475	-1335.0422348047175	0	321.2137220463406	0	588.3756160442717	1141.852159933342	0	500	6878.137	0	45	0	0	1.1648331148663709	1.1648331148663709	0.02033017309067948	0.0011067834463349407	7.612608173223869	6878.137	5676.9780285258585	177.68082893914954
18.4687	ekf	6876.700109517887	99.40873836257049	99.40873836257049	0	0	-0.9954705712532987	-0.09507019390235498	0	0	0.5	-5466.372748013378	-23595.39243431437	-1333.557191340937	0	350.2187941057039	0	571.5863063320971	1141.8521777614365	0	500	6878.137	0	45	0	0	1.1711745168973668	1.1711745168973668	0.020440851435313014	0.0011067834463349407	7.612608173223869	6878.137	5676.9780285258585	172.74653846968852
18.5687	ekf	6876.684507663508	99.9469179857163	99.9469179857163	0	0	-0.9975360101727224	-0.0701563141041927	0	0	0.5	-6633.004141965484	-23295.09846054537	-1332.0730577317715	0	378.3485017291335	0	553.3683304234328	1141.8521955888373	0	500	6878.137	0	45	0	0	1.1775159189283604	1.1775159189283604	0.02055152977994651	0.0011067834463349407	7.612608173223869	6878.137	5676.9780285258585	161.52601538489077
18.6687	ekf	6876.668821571835	100.48509638454276	100.48509638454276	0	0	-0.9989780215610449	-0.04519858889368728	0	0	0.5	-7783.29471445564	-22937.158902208932	-1330.5898343868625	0	405.5325353915221	0	533.7672237599523	1141.8522134155776	0	500	6878.137	0	45	0	0	1.1838573209593544	1.1838573209593544	0.020662208124580007	0.0011067834463349407	7.612608173223869	6878.137	5676.9780285258585	139.4433653145893
18.7687	ekf	6876.65305124306	101.02327355245731	101.02327355245731	0	0	-0.9997957042080937	-0.020212616036584755	0	0	0.5	-8914.397905806914	-22522.4559449623	-1329.1075217157031	0	431.7029492596326	0	512.8319788852008	1141.8522312416508	0	500	6878.137	0	45	0	0	1.190198722990348	1.190198722990348	0.020772886469213502	0.0011067834463349407	7.612608173223869	6878.137	5676.9780285258585	107.73825260786701
18.8687	ekf	6876.637196677376	101.5614494828675	101.5614494828675	0	0	-0.999988547088834	0.004785989047509377	0	0	0.5	-10023.514463353407	-22052.012247151448	-1327.626120127635	0	456.7943310210359	0	490.61492298877687	1141.8522490670464	0	500	6878.137	0	45	0	0	1.1965401250213417	1.1965401250213417	0.020883564813846997	0.0011067834463349407	7.612608173223869	6878.137	5676.9780285258585	85.06494416725587
18.9687	ekf	6876.621257874976	102.09962416918083	102.09962416918083	0	0	-0.9995564296827439	0.029781603044258947	0	0	0.5	-11107.899368930419	-21526.988417617955	-1326.1456300318644	0	480.74396538039747	0	467.1715871156603	1141.8522668917637	0	500	6878.137	0	45	0	0	1.2028815270523352	1.2028815270523352	0.020994243158480492	0.0011067834463349407	7.612608173223869	6878.137	5676.9780285258585	89.82573617295112
19.0687	ekf	6876.605234836057	102.63779760480479	102.63779760480479	0	0	-0.9984996220491343	0.05475860450866003	0	0	0.5	-12164.868632567994	-20948.680152103563	-1324.6660518374367	0	503.4919908150262	0	442.56056736758103	1141.8522847157965	0	500	6878.137	0	45	0	0	1.2092229290833292	1.2092229290833292	0.02110492150311399	0.0011067834463349407	7.612608173223869	6878.137	5676.9780285258585	111.25144920021172
19.1687	ekf	6876.5891275608155	103.17596978314694	103.17596978314694	0	0	-0.9968187846583714	0.07970138362793547	0	0	0.5	-13191.805935575083	-20318.515035317836	-1323.1873859532548	0	524.9815491970216	0	416.84337844339825	1141.852302539191	0	500	6878.137	0	45	0	0	1.2155643311143227	1.2155643311143227	0.021215599847747485	0.0011067834463349407	7.612608173223869	6878.137	5676.9780285258585	133.97296224453572
19.2687	ekf	6876.572936049447	103.71414069761481	103.71414069761481	0	0	-0.9945149679791039	0.10459435197715966	0	0	0.5	-14186.16910657177	-19638.049016563455	-1321.7096327880733	0	545.1589279092773	0	390.08429988433653	1141.8523203618777	0	500	6878.137	0	45	0	0	1.2219057331453165	1.2219057331453165	0.02132627819238098	0.0011067834463349407	7.612608173223869	6878.137	5676.9780285258585	149.51968275896328
19.3687	ekf	6876.556660302151	104.252310341616	104.252310341616	0	0	-0.9915896118217545	0.12942195226151673	0	0	0.5	-15145.496414440771	-18908.962567619874	-1320.2327927504816	0	563.9736940981506	0	362.3502154088959	1141.8523381839	0	500	6878.137	0	45	0	0	1.22824713517631	1.22824713517631	0.021436956537014475	0.0011067834463349407	7.612608173223869	6878.137	5676.9780285258585	158.97623061796992
19.4633	ekf	6876.541185909751	104.76141764959948	104.76141764959948	0	0	-0.9882517717179395	0.15283466784847435	0	0	0.5	-16018.622979165415	-18176.120060154604	-1318.8365429393803	0	580.4756853684949	0	335.2789496857066	1141.8523550429159	0	500	6878.137	0	45	0	0	1.2342461014991428	1.2342461014991428	0.021541658251064164	0.0011067834463349407	7.612608173223869	6878.137	5676.9780285258585	167.19597673421018
19.5633	ekf	6876.524746239912	105.29958480237562	105.29958480237562	0	0	-0.9841224904365088	0.17749063022324232	0	0	0.5	-16903.04555965078	-17357.685136735483	-1317.3614810187948	0	596.5071899488588	0	305.8482569707935	1141.8523728636387	0	500	6878.137	0	45	0	0	1.2405875035301366	1.2405875035301366	0.02165233659569766	0.0011067834463349407	7.612608173223869	6878.137	5676.9780285258585	179.8811721726461
19.6633	ekf	6876.508222334736	105.83775066526388	105.83775066526388	0	0	-0.9793781646371282	0.20203566673241216	0	0	0.5	-17745.704963878234	-16496.26308286901	-1315.8873334286861	0	611.0477383295456	0	275.65310442955297	1141.8523906836758	0	500	6878.137	0	45	0	0	1.2469289055611303	1.2469289055611303	0.021763014940331157	0.0011067834463349407	7.612608173223869	6878.137	5676.9780285258585	158.98474579886678
19.7633	ekf	6876.491614194424	106.37591523167185	106.37591523167185	0	0	-0.9740217593689686	0.22645443752724093	0	0	0.5	-18544.514233258986	-15593.982430989241	-1314.4141005770714	0	624.0609867873371	0	244.7689641600881	1141.8524085030408	0	500	6878.137	0	45	0	0	1.253270307592124	1.253270307592124	0.021873693284964652	0.0011067834463349407	7.612608173223869	6878.137	5676.9780285258585	127.81222564336612
19.8633	ekf	6876.474921819182	106.91407849500722	106.91407849500722	0	0	-0.9680566222109424	0.25073168167094645	0	0	0.5	-19297.49476916738	-14653.072908834176	-1312.9417828718151	0	635.5144090504602	0	213.27303036730214	1141.8524263217294	0	500	6878.137	0	45	0	0	1.2596117096231179	1.2596117096231179	0.021984371629598147	0.0011067834463349407	7.612608173223869	6878.137	5676.9780285258585	93.55075540748733
19.9633	ekf	6876.4581452092125	107.45224044867761	107.45224044867761	0	0	-0.9614864811795754	0.2748522266762961	0	0	0.5	-20002.78123354724	-13675.859929067334	-1311.4703807206342	0	645.3793775970867	0	181.24402641778914	1141.8524441397542	0	500	6878.137	0	45	0	0	1.2659531116541114	1.2659531116541114	0.022095049974231642	0.0011067834463349407	7.612608173223869	6878.137	5676.9780285258585	79.47548349895722
20.0633	ekf	6876.441284364721	107.99040108609077	107.99040108609077	0	0	-0.9543154423991181	0.29880099798791726	0	0	0.5	-20658.62616959516	-12664.758841897718	-1309.9998945310915	0	653.6312352091762	0	148.76200807247926	1141.8524619570958	0	500	6878.137	0	45	0	0	1.2722945136851052	1.2722945136851052	0.02220572831886514	0.0011067834463349407	7.612608173223869	6878.137	5676.9780285258585	94.01142802861403
20.1633	ekf	6876.424339285913	108.52856040065433	108.52856040065433	0	0	-0.9465479875353521	0.32256302840340373	0	0	0.5	-21263.404331075923	-11622.268964903787	-1308.5303247106024	0	660.2493566023535	0	115.90816338921611	1141.8524797737482	0	500	6878.137	0	45	0	0	1.278635915716099	1.278635915716099	0.022316406663498635	0.0011067834463349407	7.612608173223869	6878.137	5676.9780285258585	118.65318130652976
20.2633	ekf	6876.407309973	109.066718385776	109.066718385776	0	0	-0.9381889709946937	0.34612346742733	0	0	0.5	-21815.6167095443	-10550.967404819387	-1307.0616716664233	0	665.2171999782393	0	82.76460979510293	1141.8524975897508	0	500	6878.137	0	45	0	0	1.2849773177470927	1.2849773177470927	0.02242708500813213	0.0011067834463349407	7.612608173223869	6878.137	5676.9780285258585	140.12579536066346
20.3633	ekf	6876.390196426187	109.60487503486354	109.60487503486354	0	0	-0.9292436168903492	0.36946759055232736	0	0	0.5	-22313.8942494958	-9453.502686553584	-1305.5939358056912	0	668.5223483703934	0	49.41418883564533	1141.852515405055	0	500	6878.137	0	45	0	0	1.2913187197780862	1.2913187197780862	0.022537763352765625	0.0011067834463349407	7.612608173223869	6878.137	5676.9780285258585	157.03928681464618
20.4642	ekf	6876.372843483203	110.14787373283832	110.14787373283832	0	0	-0.9196291618182463	0.39278773495804287	0	0	0.5	-22760.735256620475	-8322.40188797743	-1304.1139203388386	0	670.1636458622444	0	15.638687225358787	1141.852533380029	0	500	6878.137	0	45	0	0	1.297717194425847	1.297717194425847	0.022649437802474436	0.0011067834463349407	7.612608173223869	6878.137	5676.9780285258585	176.3699087632678
20.5642	ekf	6876.355560711122	110.68602767790793	110.68602767790793	0	0	-0.9095231221854181	0.41565332936245003	0	0	0.5	-23147.061405667766	-7180.635841603571	-1302.6480283295425	0	670.1077163215499	17.875062169693162	0	1141.8525511939952	0	500	6878.137	0	45	0	0	1.3040585964568407	1.3040585964568407	0.02276011614710793	0.0011067834463349407	7.612608173223869	6878.137	5676.9780285258585	156.63741921064604
20.6642	ekf	6876.338193705777	111.2241802671074	111.2241802671074	0	0	-0.898848660211179	0.4382591539677962	0	0	0.5	-23476.149547818422	-6021.040070944584	-1301.1830547277866	0	668.3768681935198	51.34413241074978	0	1141.852569007269	0	500	6878.137	0	45	0	0	1.3103999984878345	1.3103999984878345	0.02287079449174143	0.0011067834463349407	7.612608173223869	6878.137	5676.9780285258585	123.47812686880425
20.7642	ekf	6876.320742467378	111.76233149384443	111.76233149384443	0	0	-0.8876124470867514	0.4605910808696465	0	0	0.5	-23747.182327430906	-4846.482135605613	-1299.7189999400762	0	664.9754277351594	84.68486833932835	0	1141.8525868198863	0	500	6878.137	0	45	0	0	1.3167414005188283	1.3167414005188283	0.022981472836374923	0.0011067834463349407	7.612608173223869	6878.137	5676.9780285258585	92.38130872634738
20.8642	ekf	6876.303206996142	112.30048135152687	112.30048135152687	0	0	-0.8758215050795374	0.4826351533407138	0	0	0.5	-23959.485959156416	-3659.8667684963293	-1298.2558643727884	0	659.9118968100154	117.81393556789733	0	1141.8526046318184	0	500	6878.137	0	45	0	0	1.3230828025498218	1.3230828025498218	0.02309215118100842	0.0011067834463349407	7.612608173223869	6878.137	5676.9780285258585	71.40534877844189
20.9642	ekf	6876.285587292282	112.83862983356258	112.83862983356258	0	0	-0.8634832031444317	0.5043775945533586	0	0	0.5	-24112.53190258793	-2464.128692198383	-1296.7936484321272	0	653.1989316376396	150.6485287718622	0	1141.8526224430873	0	500	6878.137	0	45	0	0	1.3294242045808156	1.3294242045808156	0.023202829525641913	0.0011067834463349407	7.612608173223869	6878.137	5676.9780285258585	67.50397383570686
21.0642	ekf	6876.267883356015	113.3767769333594	113.3767769333594	0	0	-0.850605252318465	0.5258048161896588	0	0	0.5	-24205.938177694334	-1262.2253607607872	-1295.3323525241542	0	644.8533111597152	183.10657865984035	0	1141.852640253658	0	500	6878.137	0	45	0	0	1.3357656066118093	1.3357656066118093	0.02331350787027541	0.0011067834463349407	7.612608173223869	6878.137	5676.9780285258585	84.33672739005952
21.1642	ekf	6876.250095187556	113.91492264432515	113.91492264432515	0	0	-0.8371957009016553	0.5469034269336648	0	0	0.5	-24239.470317767547	-57.12964487444515	-1293.8719770547789	0	634.8958951012212	215.106957103527	0	1141.8526580635719	0	500	6878.137	0	45	0	0	1.342107008642803	1.342107008642803	0.023424186214908906	0.0011067834463349407	7.612608173223869	6878.137	5676.9780285258585	108.87992704851655
21.2642	ekf	6876.232222787124	114.45306695986774	114.45306695986774	0	0	-0.823262929427084	0.5676602408405369	0	0	0.5	-24213.04195750566	1148.1775214821664	-1292.4125224297575	0	623.3515718321061	246.56967991600072	0	1141.8526758727946	0	500	6878.137	0	45	0	0	1.3484484106737968	1.3484484106737968	0.0235348645595424	0.0011067834463349407	7.612608173223869	6878.137	5676.9780285258585	128.76597695505134
21.3642	ekf	6876.214266154939	114.99120987339506	114.99120987339506	0	0	-0.8088156454233348	0.5880622855773313	0	0	0.5	-24126.715054758915	2350.7145147369083	-1290.9539890547012	0	610.2491961591661	277.4161067699395	0	1141.8526936813516	0	500	6878.137	0	45	0	0	1.3547898127047904	1.3547898127047904	0.023645542904175896	0.0011067834463349407	7.612608173223869	6878.137	5676.9780285258585	145.3640424493299
21.4632	ekf	6876.196406116801	115.52396997026023	115.52396997026023	0	0	-0.7940148773629776	0.6078983258130061	0	0	0.5	-23982.45430326432	3535.576654511784	-1289.5109488887285	0	595.7752273100501	307.2712887587341	0	1141.8527113111518	0	500	6878.137	0	45	0	0	1.361067800715476	1.361067800715476	0.02375511446536309	0.0011067834463349407	7.612608173223869	6878.137	5676.9780285258585	165.30073132471392
21.5632	ekf	6876.17828186408	116.06211007416536	116.06211007416536	0	0	-0.7785708855617725	0.6275566716684299	0	0	0.5	-23777.699441370725	4723.764187608227	-1288.054250007205	0	579.6735007919804	336.66361163702646	0	1141.8527291183523	0	500	6878.137	0	45	0	0	1.3674092027464697	1.3674092027464697	0.023865792809996584	0.0011067834463349407	7.612608173223869	6878.137	5676.9780285258585	169.29630923398395
21.6632	ekf	6876.160073380267	116.60024875634495	116.60024875634495	0	0	-0.7626403123038346	0.646822815034465	0	0	0.5	-23514.11279753225	5900.33546381731	-1286.5984735875081	0	562.122894304629	365.2144509309144	0	1141.852746924887	0	500	6878.137	0	45	0	0	1.3737506047774632	1.3737506047774632	0.02397647115463008	0.0011067834463349407	7.612608173223869	6878.137	5676.9780285258585	144.52924386682085
21.7632	ekf	6876.141780665583	117.13838601020696	117.13838601020696	0	0	-0.7462331136788227	0.6656847151987263	0	0	0.5	-23192.34306393037	7062.379284506128	-1285.1436200346461	0	543.1672752159252	392.85244450567114	0	1141.8527647307337	0	500	6878.137	0	45	0	0	1.380092006808457	1.380092006808457	0.024087149499263574	0.0011067834463349407	7.612608173223869	6878.137	5676.9780285258585	125.99770657726667
21.8632	ekf	6876.123403720252	117.67652182915934	117.67652182915934	0	0	-0.7293595436517335	0.684130584087669	0	0	0.5	-22813.182899202184	8207.02022574393	-1283.6896897534662	0	522.8540226888929	419.5085118649187	0	1141.852782535919	0	500	6878.137	0	45	0	0	1.3864334088394505	1.3864334088394505	0.02419782784389707	0.0011067834463349407	7.612608173223869	6878.137	5676.9780285258585	114.64534122535015
21.9632	ekf	6876.1049425445	118.21465620661012	118.21465620661012	0	0	-0.7120301476545068	0.7021488936337517	0	0	0.5	-22377.566975469912	9331.425753333971	-1282.2366831486622	0	501.2339092584123	445.11602681581996	0	1141.8528003404103	0	500	6878.137	0	45	0	0	1.3927748108704445	1.3927748108704445	0.024308506188530567	0.0011067834463349407	7.612608173223869	6878.137	5676.9780285258585	109.13906135333544
22.0632	ekf	6876.086397138553	118.75278913596728	118.75278913596728	0	0	-0.6942557559954741	0.7197283829801023	0	0	0.5	-21886.569673960337	10432.813232127573	-1280.7846006248	0	478.36097392639977	469.6109839992307	0	1141.8528181442357	0	500	6878.137	0	45	0	0	1.399116212901438	1.399116212901438	0.02441918453316406	0.0011067834463349407	7.612608173223869	6878.137	5676.9780285258585	108.02796744236596
22.1632	ekf	6876.067767502639	119.29092061063889	119.29092061063889	0	0	-0.6760474770907686	0.7368580655181883	0	0	0.5	-21341.402434895776	11508.456812274911	-1279.3334425862654	0	454.2923870924665	492.9321588700934	0	1141.8528359473707	0	500	6878.137	0	45	0	0	1.4054576149324318	1.4054576149324318	0.024529862877797556	0.0011067834463349407	7.612608173223869	6878.137	5676.9780285258585	110.08388221000051
22.2632	ekf	6876.049053636985	119.829050624033	119.829050624033	0	0	-0.6574166905219267	0.7535272357540882	0	0	0.5	-20743.41076819462	12555.694175371791	-1277.88320943731	0	429.08830765781744	515.0212607260902	0	1141.852853749845	0	500	6878.137	0	45	0	0	1.4117990169634256	1.4117990169634256	0.02464054122243105	0.0011067834463349407	7.612608173223869	6878.137	5676.9780285258585	114.22512954524504
22.3632	ekf	6876.030255541821	120.36717916955767	120.36717916955767	0	0	-0.6383750399240199	0.7697254759990773	0	0	0.5	-20094.07093235826	13571.933123806339	-1276.4339015820192	0	402.81173265932665	535.8230784043692	0	1141.8528715516347	0	500	6878.137	0	45	0	0	1.4181404189944193	1.4181404189944193	0.02475121956706455	0.0011067834463349407	7.612608173223869	6878.137	5676.9780285258585	119.53888330294072
22.4632	ekf	6876.011373217377	120.905306240621	120.905306240621	0	0	-0.6189344257087618	0.7854426628803438	0	0	0.5	-19394.98628974265	14554.657996997641	-1274.985519424334	0	375.5283398099114	555.2856182800801	0	1141.852889352744	0	500	6878.137	0	45	0	0	1.424481821025413	1.424481821025413	0.024861897911698044	0.0011067834463349407	7.612608173223869	6878.137	5676.9780285258585	125.2792434363063
22.4634	ekf	6876.011335368333	120.90638249321718	120.90638249321718	0	0	-0.6188951528043061	0.7854736086179693	0	0	0.5	-19393.53941057505	14556.588224313868	-1274.982623588009	0	375.472809392187	555.3231683023132	0	1141.8528893883456	0	500	6878.137	0	45	0	0	1.4244945038287193	1.4244945038287193	0.024862119268374124	0.0011067834463349407	7.612608173223869	6878.137	5676.9780285258585	130.70741217498477
22.5634	ekf	6875.992368646382	121.44450808025854	121.44450808025854	0	0	-0.5990669634319735	0.8006989280150154	0	0	0.5	-18646.342241644637	15503.291852645722	-1273.5351693843295	0	347.2489856020701	573.3949619546377	0	1141.8529071887901	0	500	6878.137	0	45	0	0	1.430835905859713	1.430835905859713	0.02497279761300762	0.0011067834463349407	7.612608173223869	6878.137	5676.9780285258585	134.6270565289977
22.6634	ekf	6875.973317695615	121.9826321796416	121.9826321796416	0	0	-0.5788643767104041	0.8154238366491842	0	0	0.5	-17852.975966887294	16411.69980492254	-1272.0886416864842	0	318.1572217993785	590.0335678282711	0	1141.852924988531	0	500	6878.137	0	45	0	0	1.4371773078907066	1.4371773078907066	0.025083475957641113	0.0011067834463349407	7.612608173223869	6878.137	5676.9780285258585	138.34469269084062
22.7634	ekf	6875.954182516267	122.52075478477451	122.52075478477451	0	0	-0.5583000185985943	0.8296391319319559	0	0	0.5	-17015.40051922129	17279.562757467367	-1270.643040897958	0	288.2702321905706	605.1973981526727	0	1141.8529427876178	0	500	6878.137	0	45	0	0	1.4435187099217004	1.4435187099217004	0.025194154302274608	0.0011067834463349407	7.612608173223869	6878.137	5676.9780285258585	141.3519169125534
22.8634	ekf	6875.934963108569	123.05887588906546	123.05887588906546	0	0	-0.5373867411508816	0.8433359297665645	0	0	0.5	-16135.685301912721	18104.731558006042	-1269.1983674220844	0	257.6627186284626	618.8485513256501	0	1141.8529605860026	0	500	6878.137	0	45	0	0	1.4498601119526942	1.4498601119526942	0.025304832646908106	0.0011067834463349407	7.612608173223869	6878.137	5676.9780285258585	143.7144327943187
22.9634	ekf	6875.915659472758	123.59699548592253	123.59699548592253	0	0	-0.5161376144848289	0.8565056701002688	0	0	0.5	-15216.004075430412	18885.16254753724	-1267.7546216620242	0	226.4111838968871	630.9529066469876	0	1141.8529783837203	0	500	6878.137	0	45	0	0	1.456201513983688	1.456201513983688	0.0254155109915416	0.0011067834463349407	7.612608173223869	6878.137	5676.9780285258585	146.04641047571903
23.0634	ekf	6875.896271609073	124.13511356875402	124.13511356875402	0	0	-0.4945659186128273	0.8691401222741075	0	0	0.5	-14258.629585877286	19618.922621525962	-1266.311804020827	0	194.59374049356575	641.480209602531	0	1141.8529961807715	0	500	6878.137	0	45	0	0	1.4625429160146814	1.4625429160146814	0.025526189336175096	0.0011067834463349407	7.612608173223869	6878.137	5676.9780285258585	148.97325688467882
23.1634	ekf	6875.876799517747	124.67323013096811	124.67323013096811	0	0	-0.4726851351425199	0.8812313901667925	0	0	0.5	-13265.92794827182	20304.19401788651	-1264.8699149013485	0	162.2899153896956	650.4041474845167	0	1141.8530139771335	0	500	6878.137	0	45	0	0	1.4688843180456752	1.4688843180456752	0.02563686768080859	0.0011067834463349407	7.612608173223869	6878.137	5676.9780285258585	152.71613284082858
23.2634	ekf	6875.8572431990215	125.21134516597303	125.21134516597303	0	0	-0.4505089388512367	0.8927719171295281	0	0	0.5	-12240.352798561918	20939.278819897172	-1263.428954706314	0	129.58045125422038	657.7024151593296	0	1141.853031772815	0	500	6878.137	0	45	0	0	1.4752257200766687	1.4752257200766687	0.025747546025442086	0.0011067834463349407	7.612608173223869	6878.137	5676.9780285258585	157.48946997330862
23.3634	ekf	6875.837602653136	125.74945866717705	125.74945866717705	0	0	-0.42805118913970297	0.9037544907086694	0	0	0.5	-11184.439228824482	21522.603162892425	-1261.988923838281	0	96.54710463930314	663.3567708186697	0	1141.8530495678217	0	500	6878.137	0	45	0	0	1.4815671221076627	1.4815671221076627	0.025858224370075584	0.0011067834463349407	7.612608173223869	6878.137	5676.9780285258585	163.65141919685087
23.4879	ekf	6875.813032465361	126.41940782270599	126.41940782270599	0	0	-0.3997190483629149	0.9166377050808274	0	0	0.5	-9831.380781599635	22174.332510430908	-1260.1973847619734	0	55.09282743209364	668.078075465418	0	1141.8530717216568	0	500	6878.137	0	45	0	0	1.4894621676362525	1.4894621676362525	0.025996018909144332	0.0011067834463349407	7.612608173223869	6878.137	5676.9780285258585	172.7703296215355
23.5879	ekf	6875.793202830378	126.95751785651655	126.95751785651655	0	0	-0.37668058711712016	0.9263432059928445	0	0	0.5	-8716.968736262526	22636.3870098441	-1258.7594416986283	0	21.6340051890384	669.996636501509	0	1141.853089515149	0	500	6878.137	0	45	0	0	1.4958035696672463	1.4958035696672463	0.026106697253777827	0.0011067834463349407	7.612608173223869	6878.137	5676.9780285258585	179.83716520717508
23.6879	ekf	6875.773288969017	127.4956263351361	127.4956263351361	0	0	-0.35340671276739194	0.9354697725586574	0	0	0.5	-7580.928981783317	23042.473079953408	-1257.3224292675534	11.878889893029926	0	670.2405565397848	0	1141.8531073079369	0	500	6878.137	0	45	0	0	1.5021449716982398	1.5021449716982398	0.02621737559841132	0.0011067834463349407	7.612608173223869	6878.137	5676.9780285258585	173.23928328002697
23.7879	ekf	6875.753290881525	128.03373325197302	128.03373325197302	0	0	-0.3299119707275068	0.9440117009712818	0	0	0.5	-6426.0704930334705	23391.583006865007	-1255.8863478706646	45.36209311393378	0	668.8092259503474	0	1141.853125100045	0	500	6878.137	0	45	0	0	1.5084863737292336	1.5084863737292336	0.02632805394304482	0.0011067834463349407	7.612608173223869	6878.137	5676.9780285258585	166.6146170354033
23.8879	ekf	6875.7332085681455	128.57183860043563	128.57183860043563	0	0	-0.3062110444463571	0.9519636528035464	0	0	0.5	-5255.248953126568	23682.849961713197	-1254.4511979097192	78.73191398969816	0	665.7062223531341	0	1141.8531428915057	0	500	6878.137	0	45	0	0	1.5148277757602273	1.5148277757602273	0.026438732287678315	0.0011067834463349407	7.612608173223869	6878.137	5676.9780285258585	158.54590049355815
23.9879	ekf	6875.713042029124	129.10994237393228	129.10994237393228	0	0	-0.2823187462312738	0.9593206583444358	0	0	0.5	-4071.359691894008	23915.55015261352	-1253.0169797863277	111.9049454352729	0	660.939301675797	0	1141.8531606822617	0	500	6878.137	0	45	0	0	1.521169177791221	1.521169177791221	0.02654941063231181	0.0011067834463349407	7.612608173223869	6878.137	5676.9780285258585	148.7227756341601
24.0879	ekf	6875.69279126471	129.64804456587143	129.64804456587143	0	0	-0.2582500079908162	0.9660781197049975	0	0	0.5	-2877.330525910066	24089.104622900973	-1251.5836939019305	144.7982722379747	0	654.5203787674878	0	1141.8531784723536	0	500	6878.137	0	45	0	0	1.5275105798222146	1.5275105798222146	0.026660088976945304	0.0011067834463349407	7.612608173223869	6878.137	5676.9780285258585	138.08077852456637
24.1879	ekf	6875.672456275147	130.1861451696614	130.1861451696614	0	0	-0.2340198719028155	0.9722318136918735	0	0	0.5	-1676.1145177725757	24203.080691188105	-1250.1513406578433	177.32967830272915	0	646.4654976182031	0	1141.8531962617446	0	500	6878.137	0	45	0	0	1.5338519818532084	1.5338519818532084	0.0267707673215788	0.0011067834463349407	7.612608173223869	6878.137	5676.9780285258585	128.14384145549656
24.2879	ekf	6875.6520370606895	130.7242441787107	130.7242441787107	0	0	-0.20964348101350314	0.9777778944466586	0	0	0.5	-470.68267254646344	24257.193029659953	-1248.7199204552023	209.41785214872962	0	636.79479125685	0	1141.853214050478	0	500	6878.137	0	45	0	0	1.5401933838842021	1.5401933838842021	0.026881445666212297	0.0011067834463349407	7.612608173223869	6878.137	5676.9780285258585	120.47000875005985
24.3879	ekf	6875.631533621584	131.26234158642777	131.26234158642777	0	0	-0.18513606977359998	0.9827128958494362	0	0	0.5	735.9834105663813	24251.304377922064	-1247.2894336949967	240.98259014604002	0	625.5324314292941	0	1141.8532318385173	0	500	6878.137	0	45	0	0	1.5465347859151959	1.5465347859151959	0.026992124010845792	0.0011067834463349407	7.612608173223869	6878.137	5676.9780285258585	116.05566567808306
24.4858	ekf	6875.611379164792	131.78913739119133	131.78913739119133	0	0	-0.16103112506605421	0.9869493283649171	0	0	0.5	1915.6339102031739	24187.42517896787	-1245.8898917866495	271.3015057111547	0	612.9917726328981	0	1141.8532492523516	0	500	6878.137	0	45	0	0	1.5527430185058082	1.5527430185058082	0.027100478110281597	0.0011067834463349407	7.612608173223869	6878.137	5676.9780285258585	115.3749645336737
24.5858	ekf	6875.590709045851	132.3272316104419	132.3272316104419	0	0	-0.13630964243207117	0.990666281539874	0	0	0.5	3115.948108004984	24062.970197424314	-1244.4612534904268	301.5992500668307	0	598.666268658132	0	1141.8532670390473	0	500	6878.137	0	45	0	0	1.559084420536802	1.559084420536802	0.027211156454915092	0.0011067834463349407	7.612608173223869	6878.137	5676.9780285258585	118.47075380139104
24.6858	ekf	6875.569954703014	132.86532420872413	132.86532420872413	0	0	-0.11150297070919292	0.9937641005404778	0	0	0.5	4308.624137052933	23878.984513891595	-1243.0335498302722	331.1431533675423	0	582.8444126874858	0	1141.8532848250616	0	500	6878.137	0	45	0	0	1.5654258225677957	1.5654258225677957	0.02732183479954859	0.0011067834463349407	7.612608173223869	6878.137	5676.9780285258585	125.45054333767806
24.7858	ekf	6875.549116136537	133.40341517944654	133.40341517944654	0	0	-0.08662661325965336	0.9962408493307041	0	0	0.5	5490.711291401941	23635.919861561997	-1241.606781206553	359.8593713359307	0	565.5657511185833	0	1141.8533026104087	0	500	6878.137	0	45	0	0	1.5717672245987895	1.5717672245987895	0.027432513144182085	0.0011067834463349407	7.612608173223869	6878.137	5676.9780285258585	135.2629707503415
24.8858	ekf	6875.528193346673	133.94150451601766	133.94150451601766	0	0	-0.06169611699699688	0.9980949800231905	0	0	0.5	6659.28489403313	23334.374140012267	-1240.1809480195075	387.67612847681943	0	546.8734715996275	0	1141.8533203950522	0	500	6878.137	0	45	0	0	1.578108626629783	1.578108626629783	0.02754319148881558	0.0011067834463349407	7.612608173223869	6878.137	5676.9780285258585	146.26622940166166
24.9858	ekf	6875.507186333679	134.47959221184607	134.47959221184607	0	0	-0.036727062669763534	0.9993253338466165	0	0	0.5	7811.453532930622	22975.089944173546	-1238.756050669192	414.52389747794336	0	526.8142950827763	0	1141.8533381790355	0	500	6878.137	0	45	0	0	1.5844500286607768	1.5844500286607768	0.027653869833449075	0.0011067834463349407	7.612608173223869	6878.137	5676.9780285258585	157.12044270847335
25.0858	ekf	6875.486095097813	135.01767826034035	135.01767826034035	0	0	-0.011735055124028476	0.9999311418698971	0	0	0.5	8944.36621525776	22558.95273529545	-1237.3320895555162	440.3355729922801	0	505.4383590461373	0	1141.8533559623293	0	500	6878.137	0	45	0	0	1.5907914306917705	1.5907914306917705	0.027764548178082573	0.0011067834463349407	7.612608173223869	6878.137	5676.9780285258585	167.0096038188538
25.1858	ekf	6875.464919639332	135.55576265490913	135.55576265490913	0	0	0.013264286449118834	0.9999120254827402	0	0	0.5	10055.219421931955	22086.988658410122	-1235.9090650782414	465.04663936581045	0	482.79909217622276	0	1141.8533737449518	0	500	6878.137	0	45	0	0	1.5971328327227643	1.5971328327227643	0.027875226522716068	0.0011067834463349407	7.612608173223869	6878.137	5676.9780285258585	175.57262719107626
25.2858	ekf	6875.443659958497	136.09384538896109	136.09384538896109	0	0	0.03825533827506055	0.9992679966322652	0	0	0.5	11141.264045142068	21560.36201167698	-1234.4869776369596	488.5953318931817	0	458.9530808240877	0	1141.853391526868	0	500	6878.137	0	45	0	0	1.6034742347537578	1.6034742347537578	0.027985904867349563	0.0011067834463349407	7.612608173223869	6878.137	5676.9780285258585	176.97328553341694
25.3858	ekf	6875.422316055567	136.63192645590476	136.63192645590476	0	0	0.06322248176000099	0.9979994578155372	0	0	0.5	12199.812191641287	20980.37237384927	-1233.0658276311196	510.92279119665403	0	433.95992756905275	0	1141.8534093081262	0	500	6878.137	0	45	0	0	1.6098156367847516	1.6098156367847516	0.028096583211983057	0.0011067834463349407	7.612608173223869	6878.137	5676.9780285258585	169.83214421700137
25.4696	ekf	6875.404365003812	137.08283710138912	137.08283710138912	0	0	0.08411516722367071	0.996456039493431	0	0	0.5	13063.788966146807	20454.284233863076	-1231.875626156614	528.6519529665992	0	412.1776562758649	0	1141.8534242082826	0	500	6878.137	0	45	0	0	1.6151297316874822	1.6151297316874822	0.028189331664799155	0.0011067834463349407	7.612608173223869	6878.137	5676.9780285258585	163.2944492071515
25.5696	ekf	6875.382866301355	137.6209150869969	137.6209150869969	0	0	0.10899768865289299	0.9940420030704574	0	0	0.5	14065.019220233817	19780.041098261325	-1230.4562001984018	548.5915558152277	0	385.24096504805146	0	1141.853441988284	0	500	6878.137	0	45	0	0	1.621471133718476	1.621471133718476	0.02830001000943265	0.0011067834463349407	7.612608173223869	6878.137	5676.9780285258585	152.71601581887606
25.6696	ekf	6875.361283377549	138.1589913867903	138.1589913867903	0	0	0.1338120900751785	0.9910067227570722	0	0	0.5	15031.515876711084	19056.830448204306	-1229.0377128084106	567.1599663708494	0	357.3413737082572	0	1141.8534597676062	0	500	6878.137	0	45	0	0	1.6278125357494695	1.6278125357494695	0.028410688354066144	0.0011067834463349407	7.612608173223869	6878.137	5676.9780285258585	140.45522817902437
25.7696	ekf	6875.339616232656	138.6970659941781	138.6970659941781	0	0	0.15854286329748288	0.9873520955046562	0	0	0.5	15960.886208179116	18286.438457072465	-1227.6201643854872	584.3107733597714	0	328.5486166580812	0	1141.853477546225	0	500	6878.137	0	45	0	0	1.6341539377804635	1.6341539377804635	0.028521366698699643	0.0011067834463349407	7.612608173223869	6878.137	5676.9780285258585	126.90402786106704
25.8696	ekf	6875.317864866945	139.235138902569	139.235138902569	0	0	0.18317455239166422	0.9830804053362643	0	0	0.5	16850.829190888733	17470.768106870804	-1226.2035553283195	600.001108776274	0	298.9346607442864	0	1141.8534953241876	0	500	6878.137	0	45	0	0	1.640495339811457	1.640495339811457	0.028632045043333137	0.0011067834463349407	7.612608173223869	6878.137	5676.9780285258585	113.10537600508648
25.9696	ekf	6875.296029280679	139.77321010537176	139.77321010537176	0	0	0.20769176335393497	0.9781943219191845	0	0	0.5	17699.1412016235	16611.834487317607	-1224.7878860354624	614.1917550305682	0	268.5735253790729	0	1141.8535131014487	0	500	6878.137	0	45	0	0	1.6468367418424508	1.6468367418424508	0.028742723387966632	0.0011067834463349407	7.612608173223869	6878.137	5676.9780285258585	100.72999522133111
26.0696	ekf	6875.274109474128	140.31127959599522	140.31127959599522	0	0	0.23207917372561304	0.972696898896484	0	0	0.5	18503.721473952966	15711.759817369517	-1223.3731569052857	626.8472429716863	0	237.54109753046887	0	1141.8535308780326	0	500	6878.137	0	45	0	0	1.6531781438734443	1.6531781438734443	0.028853401732600127	0.0011067834463349407	7.612608173223869	6878.137	5676.9780285258585	92.6928263686931
26.1696	ekf	6875.252105447559	140.8493473678481	140.8493473678481	0	0	0.25632154216915987	0.9665915719785807	0	0	0.5	19262.577300347384	14772.768201483075	-1221.9593683360138	637.9359405420306	0	205.91494204441992	0	1141.853548653946	0	500	6878.137	0	45	0	0	1.659519545904438	1.659519545904438	0.028964080077233622	0.0011067834463349407	7.612608173223869	6878.137	5676.9780285258585	93.3942812329431
26.2696	ekf	6875.230017201243	141.3874134143394	141.3874134143394	0	0	0.28040371799352	0.9598821567960364	0	0	0.5	19973.828967272133	13797.180133569873	-1220.5465207257155	647.4301318408011	0	173.77410777322527	0	1141.8535664291678	0	500	6878.137	0	45	0	0	1.6658609479354318	1.6658609479354318	0.02907475842186712	0.0011067834463349407	7.612608173223869	6878.137	5676.9780285258585	105.31037847502323
26.3696	ekf	6875.207844735449	141.9254777288778	141.9254777288778	0	0	0.30431065062280976	0.9525728465149121	0	0	0.5	20635.71441104111	12787.406762227762	-1219.1346144723066	655.3060863990194	0	141.1989299948425	0	1141.8535842037086	0	500	6878.137	0	45	0	0	1.6722023499664256	1.6722023499664256	0.029185436766500615	0.0011067834463349407	7.612608173223869	6878.137	5676.9780285258585	124.63663118022218
26.4696	ekf	6875.185588050449	142.46354030487225	142.46354030487225	0	0	0.32802739900243744	0.9446682092161754	0	0	0.5	21246.593582896872	11745.943931420894	-1217.723649973545	661.5441184932811	0	108.27082961662768	0	1141.853601977567	0	500	6878.137	0	45	0	0	1.6785437519974191	1.6785437519974191	0.02929611511113411	0.0011067834463349407	7.612608173223869	6878.137	5676.9780285258585	145.2125950256463
26.5696	ekf	6875.163247146516	143.00160113573168	143.00160113573168	0	0	0.35153914093677563	0.9361731850407989	0	0	0.5	21804.952512505613	10675.366011338374	-1216.3136276270234	666.1286363496198	0	75.0721096656917	0	1141.853619750746	0	500	6878.137	0	45	0	0	1.6848851540284129	1.6848851540284129	0.029406793455767605	0.0011067834463349407	7.612608173223869	6878.137	5676.9780285258585	162.98740390592394
26.6696	ekf	6875.140822023925	143.539660214865	143.539660214865	0	0	0.3748311823525513	0.9270930831023326	0	0	0.5	22309.407059798803	9578.319534679886	-1214.9045478301928	669.0481811147778	0	41.68574957428449	0	1141.8536375232393	0	500	6878.137	0	45	0	0	1.6912265560594066	1.6912265560594066	0.029517471800401103	0.0011067834463349407	7.612608173223869	6878.137	5676.9780285258585	176.7699909386922
26.7696	ekf	6875.118312682946	144.07771753568107	144.07771753568107	0	0	0.39788896648216304	0.917433578168881	0	0	0.5	22758.706345865954	8457.516654100884	-1213.4964109803254	670.2954554970678	0	8.195197774774291	0	1141.8536552950445	0	500	6878.137	0	45	0	0	1.6975679580904004	1.6975679580904004	0.029628150145034598	0.0011067834463349407	7.612608173223869	6878.137	5676.9780285258585	171.46241368106
26.8696	ekf	6875.095719123861	144.6157730915889	144.6157730915889	0	0	0.4206980829611868	0.9072007071165579	0	0	0.5	23151.735854393417	7315.728436990318	-1212.089217474574	669.8673420058054	0	0	25.315836877872222	1141.85367306617	0	500	6878.137	0	45	0	0	1.703909360121394	1.703909360121394	0.029738828489668093	0.0011067834463349407	7.612608173223869	6878.137	5676.9780285258585	158.34800194050484
26.9696	ekf	6875.073041346943	145.15382687599748	145.15382687599748	0	0	0.44324427683438494	0.8964008651566349	0	0	0.5	23487.520195961704	6155.778014159503	-1210.682967709903	667.7649107432325	0	0	58.76359433436763	1141.8536908366223	0	500	6878.137	0	45	0	0	1.7102507621523877	1.7102507621523877	0.029849506834301587	0.0011067834463349407	7.612608173223869	6878.137	5676.9780285258585	142.20673882714365
25.894	ekf	6875.312544751721	139.36642843348656	139.36642843348656	0	0	0.1891678976561954	0.9819447573546769	0	0	0.5	17061.739139662328	17265.099157834946	-1225.8580453296288	603.6033659385236	0	291.5925852317696	0	1141.8534996619069	0	500	6878.137	0	45	0	0	1.6420426419055085	1.6420426419055085	0.02865905055939734	0.0011067834463349407	7.612608173223869	6878.137	5676.9780285258585	151.19566624399914
25.994	ekf	6875.290688615682	139.90449921912548	139.90449921912548	0	0	0.21365484755350594	0.976909210785162	0	0	0.5	17899.57031680123	16395.927398912005	-1224.442605399726	617.4225596232528	0	261.06058790585035	0	1141.853517439009	0	500	6878.137	0	45	0	0	1.6483840439365025	1.6483840439365025	0.028769728904030838	0.0011067834463349407	7.612608173223869	6878.137	5676.9780285258585	132.79520931329859
26.094	ekf	6875.268748259421	140.44256829097682	140.44256829097682	0	0	0.23800827012673015	0.9712631277626478	0	0	0.5	18693.173375089907	15486.14808003726	-1223.028105729676	629.6985196836371	0	229.87607651267268	0	1141.853535215429	0	500	6878.137	0	45	0	0	1.654725445967496	1.654725445967496	0.028880407248664332	0.0011067834463349407	7.612608173223869	6878.137	5676.9780285258585	115.84717477181438
26.194	ekf	6875.246723683208	140.98063564244944	140.98063564244944	0	0	0.26221294527959693	0.9650100369052124	0	0	0.5	19440.582732839244	14538.009340967961	-1221.614546717685	640.4005626833763	0	198.11699602694716	0	1141.853552991153	0	500	6878.137	0	45	0	0	1.6610668479984898	1.6610668479984898	0.028991085593297827	0.0011067834463349407	7.612608173223869	6878.137	5676.9780285258585	102.45788069879306
26.294	ekf	6875.224614887315	141.51870126695212	141.51870126695212	0	0	0.28625374587813035	0.9581538461910691	0	0	0.5	20139.946964591218	13553.854333118494	-1220.2019287617768	649.5019391558153	0	165.8627275435044	0	1141.8535707662095	0	500	6878.137	0	45	0	0	1.6674082500294833	1.6674082500294833	0.029101763937931322	0.0011067834463349407	7.612608173223869	6878.137	5676.9780285258585	96.88783715035024
26.394	ekf	6875.20242187201	142.05676515789372	142.05676515789372	0	0	0.310115647204616	0.950698840516208	0	0	0.5	20789.53338706032	12536.115428672128	-1218.7902522598204	656.9799004636461	0	133.1938898659557	0	1141.8535885405922	0	500	6878.137	0	45	0	0	1.6737496520604773	1.6737496520604773	0.02921244228256482	0.0011067834463349407	7.612608173223869	6878.137	5676.9780285258585	103.37656281047329
26.494	ekf	6875.180144637565	142.59482730868316	142.59482730868316	0	0	0.3337837363475603	0.9426496790164746	0	0	0.5	21387.732351595983	11487.30820868527	-1217.3795176095387	662.8157556584902	0	100.19213800183897	0	1141.8536063142813	0	500	6878.137	0	45	0	0	1.6800910540914709	1.6800910540914709	0.029323120627198315	0.0011067834463349407	7.612608173223869	6878.137	5676.9780285258585	119.75646953887917
26.594	ekf	6875.157783184254	143.13288771272929	143.13288771272929	0	0	0.35724322152177473	0.9340113921557618	0	0	0.5	21933.061232533662	10410.025245044942	-1215.969725208492	666.9949181982579	0	66.93995906792323	0	1141.8536240872895	0	500	6878.137	0	45	0	0	1.6864324561224646	1.6864324561224646	0.02943379897183181	0.0011067834463349407	7.612608173223869	6878.137	5676.9780285258585	139.83194675589132
26.694	ekf	6875.13533751235	143.6709463634411	143.6709463634411	0	0	0.38047944131276007	0.9247893785821343	0	0	0.5	22424.168101552623	9306.929691649038	-1214.5608754540822	669.5069424058612	0	33.52046611547706	0	1141.8536418596113	0	500	6878.137	0	45	0	0	1.6927738581534582	1.6927738581534582	0.029544477316465305	0.0011067834463349407	7.612608173223869	6878.137	5676.9780285258585	159.05856242199252
26.794	ekf	6875.112807622129	144.20900325422747	144.20900325422747	0	0	0.40347787383961303	0.9149894017538485	0	0	0.5	22859.835078934957	8180.7487006522515	-1213.152968743568	670.3455495778034	0	0.01719039116983202	0	1141.8536596312622	0	500	6878.137	0	45	0	0	1.699115260184452	1.699115260184452	0.0296551556610988	0.0011067834463349407	7.612608173223869	6878.137	5676.9780285258585	175.0923703930621
25.894	ekf	6875.312544751721	139.36642843348656	139.36642843348656	0	0	0.18916789765619554	0.9819447573546769	0	0	0.5	17061.739139662335	17265.099157834942	-1225.858045329629	603.6033659385237	0	291.5925852317694	0	1141.8534996619069	0	500	6878.137	0	45	0	0	1.6420426419055085	1.6420426419055085	0.02865905055939734	0.0011067834463349407	7.612608173223869	6878.137	5676.9780285258585	178.44073054395713
25.994	ekf	6875.290688615682	139.90449921912548	139.90449921912548	0	0	0.21365484755350608	0.976909210785162	0	0	0.5	17899.570316801237	16395.927398912005	-1224.442605399726	617.4225596232528	0	261.0605879058502	0	1141.853517439009	0	500	6878.137	0	45	0	0	1.6483840439365025	1.6483840439365025	0.028769728904030838	0.0011067834463349407	7.612608173223869	6878.137	5676.9780285258585	166.0242617363945
26.094	ekf	6875.268748259421	140.44256829097682	140.44256829097682	0	0	0.2380082701267303	0.9712631277626478	0	0	0.5	18693.173375089915	15486.148080037256	-1223.028105729676	629.6985196836372	0	229.87607651267257	0	1141.8535352154292	0	500	6878.137	0	45	0	0	1.654725445967496	1.654725445967496	0.028880407248664332	0.0011067834463349407	7.612608173223869	6878.137	5676.9780285258585	149.2506521934581
26.194	ekf	6875.246723683208	140.98063564244944	140.98063564244944	0	0	0.26221294527959704	0.9650100369052124	0	0	0.5	19440.582732839248	14538.009340967958	-1221.6145467176852	640.4005626833763	0	198.1169960269471	0	1141.853552991153	0	500	6878.137	0	45	0	0	1.6610668479984898	1.6610668479984898	0.028991085593297827	0.0011067834463349407	7.612608173223869	6878.137	5676.9780285258585	130.72260170462496
26.294	ekf	6875.224614887315	141.51870126695212	141.51870126695212	0	0	0.28625374587813046	0.9581538461910691	0	0	0.5	20139.946964591225	13553.854333118492	-1220.2019287617768	649.5019391558153	0	165.8627275435043	0	1141.8535707662095	0	500	6878.137	0	45	0	0	1.6674082500294833	1.6674082500294833	0.029101763937931322	0.0011067834463349407	7.612608173223869	6878.137	5676.9780285258585	111.313286186792
26.394	ekf	6875.20242187201	142.05676515789372	142.05676515789372	0	0	0.3101156472046161	0.950698840516208	0	0	0.5	20789.533387060324	12536.115428672125	-1218.7902522598204	656.9799004636462	0	133.19388986595558	0	1141.8535885405922	0	500	6878.137	0	45	0	0	1.6737496520604773	1.6737496520604773	0.02921244228256482	0.0011067834463349407	7.612608173223869	6878.137	5676.9780285258585	92.27744445611461
26.494	ekf	6875.180144637565	142.59482730868316	142.59482730868316	0	0	0.3337837363475604	0.9426496790164746	0	0	0.5	21387.732351595987	11487.308208685266	-1217.3795176095387	662.8157556584903	0	100.19213800183879	0	1141.8536063142815	0	500	6878.137	0	45	0	0	1.6800910540914709	1.6800910540914709	0.029323120627198315	0.0011067834463349407	7.612608173223869	6878.137	5676.9780285258585	76.4672613587879
26.594	ekf	6875.157783184254	143.13288771272929	143.13288771272929	0	0	0.35724322152177485	0.9340113921557618	0	0	0.5	21933.061232533666	10410.02524504494	-1215.969725208492	666.994918198258	0	66.93995906792308	0	1141.8536240872897	0	500	6878.137	0	45	0	0	1.6864324561224646	1.6864324561224646	0.02943379897183181	0.0011067834463349407	7.612608173223869	6878.137	5676.9780285258585	71.4373033893704
26.694	ekf	6875.13533751235	143.6709463634411	143.6709463634411	0	0	0.3804794413127602	0.9247893785821343	0	0	0.5	22424.16810155263	9306.929691649037	-1214.5608754540822	669.5069424058612	0	33.520466115476914	0	1141.8536418596116	0	500	6878.137	0	45	0	0	1.6927738581534582	1.6927738581534582	0.029544477316465305	0.0011067834463349407	7.612608173223869	6878.137	5676.9780285258585	85.02128051030587
26.794	ekf	6875.112807622129	144.20900325422747	144.20900325422747	0	0	0.40347787383961314	0.9149894017538485	0	0	0.5	22859.835078934957	8180.74870065225	-1213.1529687435682	670.3455495778035	0	0.017190391169648267	0	1141.8536596312622	0	500	6878.137	0	45	0	0	1.699115260184452	1.699115260184452	0.0296551556610988	0.0011067834463349407	7.612608173223869	6878.137	5676.9780285258585	111.40828440556713
25.894	ekf	6875.312544751721	139.36642843348656	139.36642843348656	0	0	0.18916789765619565	0.9819447573546769	0	0	0.5	17061.739139662342	17265.09915783494	-1225.858045329629	603.6033659385238	0	291.5925852317693	0	1141.8534996619069	0	500	6878.137	0	45	0	0	1.6420426419055085	1.6420426419055085	0.02865905055939734	0.0011067834463349407	7.612608173223869	6878.137	5676.9780285258585	137.41325396778495
25.994	ekf	6875.290688615682	139.90449921912548	139.90449921912548	0	0	0.2136548475535062	0.976909210785162	0	0	0.5	17899.57031680124	16395.927398911997	-1224.442605399726	617.4225596232529	0	261.06058790585007	0	1141.8535174390092	0	500	6878.137	0	45	0	0	1.6483840439365025	1.6483840439365025	0.028769728904030838	0.0011067834463349407	7.612608173223869	6878.137	5676.9780285258585	159.9654594808849
26.094	ekf	6875.268748259421	140.44256829097682	140.44256829097682	0	0	0.2380082701267304	0.9712631277626478	0	0	0.5	18693.173375089922	15486.148080037254	-1223.028105729676	629.6985196836373	0	229.87607651267243	0	1141.8535352154292	0	500	6878.137	0	45	0	0	1.654725445967496	1.654725445967496	0.028880407248664332	0.0011067834463349407	7.612608173223869	6878.137	5676.9780285258585	179.333353334129
26.194	ekf	6875.246723683208	140.98063564244944	140.98063564244944	0	0	0.26221294527959715	0.9650100369052124	0	0	0.5	19440.582732839255	14538.009340967956	-1221.6145467176852	640.4005626833764	0	198.1169960269469	0	1141.8535529911533	0	500	6878.137	0	45	0	0	1.6610668479984898	1.6610668479984898	0.028991085593297827	0.0011067834463349407	7.612608173223869	6878.137	5676.9780285258585	163.7832673891233
26.294	ekf	6875.224614887315	141.51870126695212	141.51870126695212	0	0	0.28625374587813057	0.9581538461910691	0	0	0.5	20139.946964591225	13553.854333118485	-1220.2019287617768	649.5019391558154	0	165.86272754350418	0	1141.8535707662095	0	500	6878.137	0	45	0	0	1.6674082500294833	1.6674082500294833	0.029101763937931322	0.0011067834463349407	7.612608173223869	6878.137	5676.9780285258585	146.41778053622494
26.394	ekf	6875.20242187201	142.05676515789372	142.05676515789372	0	0	0.3101156472046162	0.950698840516208	0	0	0.5	20789.53338706033	12536.115428672123	-1218.7902522598204	656.9799004636463	0	133.1938898659554	0	1141.8535885405925	0	500	6878.137	0	45	0	0	1.6737496520604773	1.6737496520604773	0.02921244228256482	0.0011067834463349407	7.612608173223869	6878.137	5676.9780285258585	127.65804910027975
26.494	ekf	6875.180144637565	142.59482730868316	142.59482730868316	0	0	0.33378373634756053	0.9426496790164746	0	0	0.5	21387.73235159599	11487.308208685265	-1217.3795176095387	662.8157556584903	0	100.19213800183867	0	1141.8536063142817	0	500	6878.137	0	45	0	0	1.6800910540914709	1.6800910540914709	0.029323120627198315	0.0011067834463349407	7.612608173223869	6878.137	5676.9780285258585	107.69849144752607
26.594	ekf	6875.157783184254	143.13288771272929	143.13288771272929	0	0	0.35724322152177496	0.9340113921557618	0	0	0.5	21933.06123253367	10410.025245044937	-1215.9697252084923	666.994918198258	0	66.93995906792297	0	1141.8536240872897	0	500	6878.137	0	45	0	0	1.6864324561224646	1.6864324561224646	0.02943379897183181	0.0011067834463349407	7.612608173223869	6878.137	5676.9780285258585	86.70252316035466
26.694	ekf	6875.13533751235	143.6709463634411	143.6709463634411	0	0	0.3804794413127603	0.9247893785821343	0	0	0.5	22424.16810155263	9306.929691649031	-1214.5608754540822	669.5069424058612	0	33.520466115476765	0	1141.8536418596118	0	500	6878.137	0	45	0	0	1.6927738581534582	1.6927738581534582	0.029544477316465305	0.0011067834463349407	7.612608173223869	6878.137	5676.9780285258585	64.94757801244332
25.894	ekf	6875.312544751721	139.36642843348656	139.36642843348656	0	0	0.18916789765619577	0.9819447573546768	0	0	0.5	17061.739139662342	17265.09915783493	-1225.8580453296286	603.6033659385238	0	291.5925852317691	0	1141.8534996619067	0	500	6878.137	0	45	0	0	1.6420426419055085	1.6420426419055085	0.02865905055939734	0.0011067834463349407	7.612608173223869	6878.137	5676.9780285258585	80.86846585905441
25.994	ekf	6875.290688615682	139.90449921912548	139.90449921912548	0	0	0.2136548475535063	0.9769092107851619	0	0	0.5	17899.57031680124	16395.927398911997	-1224.4426053997258	617.4225596232529	0	261.06058790584984	0	1141.853517439009	0	500	6878.137	0	45	0	0	1.6483840439365025	1.6483840439365025	0.028769728904030838	0.0011067834463349407	7.612608173223869	6878.137	5676.9780285258585	70.55072500728554
26.094	ekf	6875.268748259421	140.44256829097682	140.44256829097682	0	0	0.2380082701267305	0.9712631277626477	0	0	0.5	18693.173375089922	15486.148080037252	-1223.028105729676	629.6985196836373	0	229.8760765126722	0	1141.853535215429	0	500	6878.137	0	45	0	0	1.654725445967496	1.654725445967496	0.028880407248664332	0.0011067834463349407	7.612608173223869	6878.137	5676.9780285258585	72.6932212369301
26.194	ekf	6875.246723683208	140.98063564244944	140.98063564244944	0	0	0.2622129452795973	0.9650100369052124	0	0	0.5	19440.58273283926	14538.009340967948	-1221.6145467176852	640.4005626833765	0	198.11699602694674	0	1141.8535529911533	0	500	6878.137	0	45	0	0	1.6610668479984898	1.6610668479984898	0.028991085593297827	0.0011067834463349407	7.612608173223869	6878.137	5676.9780285258585	89.95531663763467
26.294	ekf	6875.224614887315	141.51870126695212	141.51870126695212	0	0	0.2862537458781307	0.9581538461910689	0	0	0.5	20139.946964591225	13553.854333118474	-1220.2019287617763	649.5019391558152	0	165.8627275435038	0	1141.8535707662093	0	500	6878.137	0	45	0	0	1.6674082500294833	1.6674082500294833	0.029101763937931322	0.0011067834463349407	7.612608173223869	6878.137	5676.9780285258585	116.79064339464739
26.394	ekf	6875.20242187201	142.05676515789372	142.05676515789372	0	0	0.3101156472046163	0.9506988405162078	0	0	0.5	20789.533387060328	12536.11542867211	-1218.7902522598201	656.9799004636462	0	133.19388986595507	0	1141.853588540592	0	500	6878.137	0	45	0	0	1.6737496520604773	1.6737496520604773	0.02921244228256482	0.0011067834463349407	7.612608173223869	6878.137	5676.9780285258585	144.915227057934
26.494	ekf	6875.180144637565	142.59482730868316	142.59482730868316	0	0	0.33378373634756064	0.9426496790164743	0	0	0.5	21387.732351595987	11487.308208685248	-1217.3795176095384	662.8157556584902	0	100.19213800183846	0	1141.853606314281	0	500	6878.137	0	45	0	0	1.6800910540914709	1.6800910540914709	0.029323120627198315	0.0011067834463349407	7.612608173223869	6878.137	5676.9780285258585	168.08735220690977
26.594	ekf	6875.157783184254	143.13288771272929	143.13288771272929	0	0	0.3572432215217752	0.9340113921557618	0	0	0.5	21933.061232533677	10410.025245044928	-1215.9697252084925	666.9949181982581	0	66.93995906792271	0	1141.85362408729	0	500	6878.137	0	45	0	0	1.6864324561224646	1.6864324561224646	0.02943379897183181	0.0011067834463349407	7.612608173223869	6878.137	5676.9780285258585	174.08288910598034
26.694	ekf	6875.13533751235	143.6709463634411	143.6709463634411	0	0	0.3804794413127605	0.9247893785821343	0	0	0.5	22424.16810155264	9306.929691649024	-1214.5608754540824	669.5069424058615	0	33.52046611547651	0	1141.8536418596118	0	500	6878.137	0	45	0	0	1.6927738581534582	1.6927738581534582	0.029544477316465305	0.0011067834463349407	7.612608173223869	6878.137	5676.9780285258585	157.6411478608277
26.794	ekf	6875.112807622129	144.20900325422747	144.20900325422747	0	0	0.4034778738396134	0.9149894017538482	0	0	0.5	22859.835078934957	8180.748700652229	-1213.152968743568	670.3455495778032	0	0.01719039116920726	0	1141.8536596312622	0	500	6878.137	0	45	0	0	1.699115260184452	1.699115260184452	0.0296551556610988	0.0011067834463349407	7.612608173223869	6878.137	5676.9780285258585	140.4917349083483
25.894	ekf	6875.312544751721	139.36642843348656	139.36642843348656	0	0	0.18916789765619593	0.9819447573546768	0	0	0.5	17061.739139662346	17265.099157834924	-1225.8580453296286	603.6033659385239	0	291.59258523176885	0	1141.8534996619069	0	500	6878.137	0	45	0	0	1.6420426419055085	1.6420426419055085	0.02865905055939734	0.0011067834463349407	7.612608173223869	6878.137	5676.9780285258585	139.76760275300862
25.994	ekf	6875.290688615682	139.90449921912548	139.90449921912548	0	0	0.21365484755350647	0.9769092107851619	0	0	0.5	17899.570316801248	16395.927398911994	-1224.442605399726	617.422559623253	0	261.0605879058496	0	1141.853517439009	0	500	6878.137	0	45	0	0	1.6483840439365025	1.6483840439365025	0.028769728904030838	0.0011067834463349407	7.612608173223869	6878.137	5676.9780285258585	120.09281698606986
26.094	ekf	6875.268748259421	140.44256829097682	140.44256829097682	0	0	0.23800827012673068	0.9712631277626477	0	0	0.5	18693.17337508993	15486.148080037245	-1223.0281057296763	629.6985196836373	0	229.87607651267194	0	1141.853535215429	0	500	6878.137	0	45	0	0	1.654725445967496	1.654725445967496	0.028880407248664332	0.0011067834463349407	7.612608173223869	6878.137	5676.9780285258585	101.40205326287412
26.194	ekf	6875.246723683208	140.98063564244944	140.98063564244944	0	0	0.26221294527959743	0.9650100369052121	0	0	0.5	19440.58273283926	14538.00934096794	-1221.6145467176848	640.4005626833763	0	198.1169960269464	0	1141.853552991153	0	500	6878.137	0	45	0	0	1.6610668479984898	1.6610668479984898	0.028991085593297827	0.0011067834463349407	7.612608173223869	6878.137	5676.9780285258585	83.81983380519081
26.294	ekf	6875.224614887315	141.51870126695212	141.51870126695212	0	0	0.28625374587813085	0.9581538461910689	0	0	0.5	20139.946964591232	13553.85433311847	-1220.2019287617763	649.5019391558154	0	165.8627275435036	0	1141.8535707662095	0	500	6878.137	0	45	0	0	1.6674082500294833	1.6674082500294833	0.029101763937931322	0.0011067834463349407	7.612608173223869	6878.137	5676.9780285258585	68.3013840683416
26.394	ekf	6875.20242187201	142.05676515789372	142.05676515789372	0	0	0.3101156472046165	0.9506988405162078	0	0	0.5	20789.533387060335	12536.115428672107	-1218.7902522598201	656.9799004636463	0	133.19388986595487	0	1141.853588540592	0	500	6878.137	0	45	0	0	1.6737496520604773	1.6737496520604773	0.02921244228256482	0.0011067834463349407	7.612608173223869	6878.137	5676.9780285258585	57.93148945063662
26.494	ekf	6875.180144637565	142.59482730868316	142.59482730868316	0	0	0.3337837363475608	0.9426496790164743	0	0	0.5	21387.732351595994	11487.308208685245	-1217.3795176095384	662.8157556584903	0	100.19213800183827	0	1141.8536063142813	0	500	6878.137	0	45	0	0	1.6800910540914709	1.6800910540914709	0.029323120627198315	0.0011067834463349407	7.612608173223869	6878.137	5676.9780285258585	58.77621605423559
26.594	ekf	6875.157783184254	143.13288771272929	143.13288771272929	0	0	0.35724322152177523	0.9340113921557616	0	0	0.5	21933.061232533677	10410.025245044919	-1215.969725208492	666.9949181982579	0	66.93995906792253	0	1141.8536240872895	0	500	6878.137	0	45	0	0	1.6864324561224646	1.6864324561224646	0.02943379897183181	0.0011067834463349407	7.612608173223869	6878.137	5676.9780285258585	74.07173545699158
26.694	ekf	6875.13533751235	143.6709463634411	143.6709463634411	0	0	0.38047944131276057	0.9247893785821341	0	0	0.5	22424.168101552637	9306.929691649017	-1214.5608754540822	669.5069424058612	0	33.52046611547625	0	1141.8536418596113	0	500	6878.137	0	45	0	0	1.6927738581534582	1.6927738581534582	0.029544477316465305	0.0011067834463349407	7.612608173223869	6878.137	5676.9780285258585	99.28072100797928
26.794	ekf	6875.112807622129	144.20900325422747	144.20900325422747	0	0	0.40347787383961353	0.9149894017538482	0	0	0.5	22859.835078934964	8180.748700652225	-1213.152968743568	670.3455495778034	0	0.017190391169060258	0	1141.8536596312622	0	500	6878.137	0	45	0	0	1.699115260184452	1.699115260184452	0.0296551556610988	0.0011067834463349407	7.612608173223869	6878.137	5676.9780285258585	127.40558282982707
25.894	ekf	6875.312544751721	139.36642843348656	139.36642843348656	0	0	0.189167897656196	0.9819447573546767	0	0	0.5	17061.739139662346	17265.099157834917	-1225.8580453296283	603.6033659385238	0	291.59258523176874	0	1141.8534996619064	0	500	6878.137	0	45	0	0	1.6420426419055085	1.6420426419055085	0.02865905055939734	0.0011067834463349407	7.612608173223869	6878.137	5676.9780285258585	153.94720934375553
25.994	ekf	6875.290688615682	139.90449921912548	139.90449921912548	0	0	0.21365484755350658	0.976909210785162	0	0	0.5	17899.570316801255	16395.927398911987	-1224.4426053997263	617.4225596232532	0	261.0605879058496	0	1141.8535174390092	0	500	6878.137	0	45	0	0	1.6483840439365025	1.6483840439365025	0.028769728904030838	0.0011067834463349407	7.612608173223869	6878.137	5676.9780285258585	171.54267864116466
26.094	ekf	6875.268748259421	140.44256829097682	140.44256829097682	0	0	0.2380082701267308	0.9712631277626478	0	0	0.5	18693.173375089933	15486.148080037243	-1223.0281057296763	629.6985196836375	0	229.87607651267203	0	1141.8535352154295	0	500	6878.137	0	45	0	0	1.654725445967496	1.654725445967496	0.028880407248664332	0.0011067834463349407	7.612608173223869	6878.137	5676.9780285258585	175.46879885309036
26.194	ekf	6875.246723683208	140.98063564244944	140.98063564244944	0	0	0.26221294527959754	0.9650100369052123	0	0	0.5	19440.582732839266	14538.00934096794	-1221.6145467176852	640.4005626833765	0	198.11699602694637	0	1141.8535529911533	0	500	6878.137	0	45	0	0	1.6610668479984898	1.6610668479984898	0.028991085593297827	0.0011067834463349407	7.612608173223869	6878.137	5676.9780285258585	166.02805025181175
26.294	ekf	6875.224614887315	141.51870126695212	141.51870126695212	0	0	0.28625374587813096	0.958153846191069	0	0	0.5	20139.94696459124	13553.854333118466	-1220.2019287617766	649.5019391558155	0	165.86272754350355	0	1141.8535707662095	0	500	6878.137	0	45	0	0	1.6674082500294833	1.6674082500294833	0.029101763937931322	0.0011067834463349407	7.612608173223869	6878.137	5676.9780285258585	157.97180283133983
26.394	ekf	6875.20242187201	142.05676515789372	142.05676515789372	0	0	0.31011564720461654	0.9506988405162077	0	0	0.5	20789.53338706033	12536.1154286721	-1218.79025225982	656.9799004636462	0	133.19388986595484	0	1141.853588540592	0	500	6878.137	0	45	0	0	1.6737496520604773	1.6737496520604773	0.02921244228256482	0.0011067834463349407	7.612608173223869	6878.137	5676.9780285258585	149.5708530507549
26.494	ekf	6875.180144637565	142.59482730868316	142.59482730868316	0	0	0.33378373634756087	0.9426496790164742	0	0	0.5	21387.732351595994	11487.308208685243	-1217.3795176095382	662.8157556584902	0	100.19213800183809	0	1141.853606314281	0	500	6878.137	0	45	0	0	1.6800910540914709	1.6800910540914709	0.029323120627198315	0.0011067834463349407	7.612608173223869	6878.137	5676.9780285258585	139.96052118819014
26.594	ekf	6875.157783184254	143.13288771272929	143.13288771272929	0	0	0.3572432215217753	0.9340113921557615	0	0	0.5	21933.06123253367	10410.025245044912	-1215.9697252084918	666.9949181982579	0	66.93995906792239	0	1141.8536240872895	0	500	6878.137	0	45	0	0	1.6864324561224646	1.6864324561224646	0.02943379897183181	0.0011067834463349407	7.612608173223869	6878.137	5676.9780285258585	129.03501678640436
26.694	ekf	6875.13533751235	143.6709463634411	143.6709463634411	0	0	0.3804794413127607	0.9247893785821341	0	0	0.5	22424.168101552637	9306.92969164901	-1214.5608754540822	669.5069424058612	0	33.52046611547614	0	1141.8536418596113	0	500	6878.137	0	45	0	0	1.6927738581534582	1.6927738581534582	0.029544477316465305	0.0011067834463349407	7.612608173223869	6878.137	5676.9780285258585	117.2214196134949
26.794	ekf	6875.112807622129	144.20900325422747	144.20900325422747	0	0	0.40347787383961364	0.9149894017538482	0	0	0.5	22859.835078934964	8180.748700652223	-1213.1529687435682	670.3455495778034	0	0.017190391168950006	0	1141.8536596312624	0	500	6878.137	0	45	0	0	1.699115260184452	1.699115260184452	0.0296551556610988	0.0011067834463349407	7.612608173223869	6878.137	5676.9780285258585	105.27980165588762
25.894	ekf	6875.312544751721	139.36642843348656	139.36642843348656	0	0	0.1891678976561961	0.9819447573546767	0	0	0.5	17061.739139662353	17265.099157834913	-1225.8580453296286	603.6033659385238	0	291.5925852317686	0	1141.8534996619064	0	500	6878.137	0	45	0	0	1.6420426419055085	1.6420426419055085	0.02865905055939734	0.0011067834463349407	7.612608173223869	6878.137	5676.9780285258585	126.27514551303535
25.994	ekf	6875.290688615682	139.90449921912548	139.90449921912548	0	0	0.2136548475535067	0.976909210785162	0	0	0.5	17899.57031680126	16395.927398911987	-1224.4426053997263	617.4225596232534	0	261.06058790584945	0	1141.8535174390092	0	500	6878.137	0	45	0	0	1.6483840439365025	1.6483840439365025	0.028769728904030838	0.0011067834463349407	7.612608173223869	6878.137	5676.9780285258585	115.64562452656251
26.094	ekf	6875.268748259421	140.44256829097682	140.44256829097682	0	0	0.23800827012673084	0.9712631277626476	0	0	0.5	18693.173375089933	15486.148080037234	-1223.0281057296759	629.6985196836373	0	229.87607651267174	0	1141.853535215429	0	500	6878.137	0	45	0	0	1.654725445967496	1.654725445967496	0.028880407248664332	0.0011067834463349407	7.612608173223869	6878.137	5676.9780285258585	109.31680923128103
26.194	ekf	6875.246723683208	140.98063564244944	140.98063564244944	0	0	0.26221294527959765	0.9650100369052123	0	0	0.5	19440.58273283927	14538.009340967934	-1221.6145467176852	640.4005626833766	0	198.11699602694623	0	1141.8535529911535	0	500	6878.137	0	45	0	0	1.6610668479984898	1.6610668479984898	0.028991085593297827	0.0011067834463349407	7.612608173223869	6878.137	5676.9780285258585	109.59701372506628
26.294	ekf	6875.224614887315	141.51870126695212	141.51870126695212	0	0	0.28625374587813107	0.958153846191069	0	0	0.5	20139.946964591243	13553.854333118463	-1220.2019287617768	649.5019391558156	0	165.86272754350344	0	1141.8535707662097	0	500	6878.137	0	45	0	0	1.6674082500294833	1.6674082500294833	0.029101763937931322	0.0011067834463349407	7.612608173223869	6878.137	5676.9780285258585	117.38882107871224
26.394	ekf	6875.20242187201	142.05676515789372	142.05676515789372	0	0	0.31011564720461665	0.9506988405162077	0	0	0.5	20789.533387060335	12536.115428672092	-1218.7902522598201	656.9799004636462	0	133.1938898659547	0	1141.853588540592	0	500	6878.137	0	45	0	0	1.6737496520604773	1.6737496520604773	0.02921244228256482	0.0011067834463349407	7.612608173223869	6878.137	5676.9780285258585	130.6691504648312
26.494	ekf	6875.180144637565	142.59482730868316	142.59482730868316	0	0	0.333783736347561	0.9426496790164742	0	0	0.5	21387.732351595994	11487.308208685237	-1217.3795176095382	662.8157556584903	0	100.19213800183793	0	1141.8536063142813	0	500	6878.137	0	45	0	0	1.6800910540914709	1.6800910540914709	0.029323120627198315	0.0011067834463349407	7.612608173223869	6878.137	5676.9780285258585	145.97897697223124
26.594	ekf	6875.157783184254	143.13288771272929	143.13288771272929	0	0	0.3572432215217754	0.9340113921557615	0	0	0.5	21933.061232533673	10410.025245044906	-1215.969725208492	666.9949181982579	0	66.93995906792225	0	1141.8536240872895	0	500	6878.137	0	45	0	0	1.6864324561224646	1.6864324561224646	0.02943379897183181	0.0011067834463349407	7.612608173223869	6878.137	5676.9780285258585	160.50821777030438
26.694	ekf	6875.13533751235	143.6709463634411	143.6709463634411	0	0	0.38047944131276074	0.924789378582134	0	0	0.5	22424.168101552637	9306.929691649002	-1214.5608754540817	669.5069424058612	0	33.520466115476	0	1141.8536418596113	0	500	6878.137	0	45	0	0	1.6927738581534582	1.6927738581534582	0.029544477316465305	0.0011067834463349407	7.612608173223869	6878.137	5676.9780285258585	173.1638257196122
25.894	ekf	6875.312544751721	139.36642843348656	139.36642843348656	0	0	0.1891678976561962	0.9819447573546767	0	0	0.5	17061.739139662357	17265.099157834913	-1225.8580453296286	603.6033659385239	0	291.59258523176857	0	1141.8534996619067	0	500	6878.137	0	45	0	0	1.6420426419055085	1.6420426419055085	0.02865905055939734	0.0011067834463349407	7.612608173223869	6878.137	5676.9780285258585	177.29823684130952
25.994	ekf	6875.290688615682	139.90449921912548	139.90449921912548	0	0	0.2136548475535068	0.976909210785162	0	0	0.5	17899.570316801266	16395.927398911983	-1224.4426053997265	617.4225596232534	0	261.06058790584933	0	1141.8535174390095	0	500	6878.137	0	45	0	0	1.6483840439365025	1.6483840439365025	0.028769728904030838	0.0011067834463349407	7.612608173223869	6878.137	5676.9780285258585	170.7965997500946
26.094	ekf	6875.268748259421	140.44256829097682	140.44256829097682	0	0	0.23800827012673095	0.9712631277626476	0	0	0.5	18693.173375089937	15486.148080037228	-1223.028105729676	629.6985196836375	0	229.87607651267163	0	1141.853535215429	0	500	6878.137	0	45	0	0	1.654725445967496	1.654725445967496	0.028880407248664332	0.0011067834463349407	7.612608173223869	6878.137	5676.9780285258585	157.47231984820422
26.194	ekf	6875.246723683208	140.98063564244944	140.98063564244944	0	0	0.26221294527959776	0.9650100369052123	0	0	0.5	19440.582732839273	14538.009340967932	-1221.6145467176855	640.4005626833766	0	198.1169960269461	0	1141.8535529911535	0	500	6878.137	0	45	0	0	1.6610668479984898	1.6610668479984898	0.028991085593297827	0.0011067834463349407	7.612608173223869	6878.137	5676.9780285258585	142.11216580046047
26.294	ekf	6875.224614887315	141.51870126695212	141.51870126695212	0	0	0.2862537458781311	0.9581538461910688	0	0	0.5	20139.94696459124	13553.854333118456	-1220.2019287617763	649.5019391558154	0	165.86272754350324	0	1141.8535707662093	0	500	6878.137	0	45	0	0	1.6674082500294833	1.6674082500294833	0.029101763937931322	0.0011067834463349407	7.612608173223869	6878.137	5676.9780285258585	125.53391629335329
26.394	ekf	6875.20242187201	142.05676515789372	142.05676515789372	0	0	0.31011564720461676	0.9506988405162077	0	0	0.5	20789.53338706034	12536.11542867209	-1218.7902522598201	656.9799004636465	0	133.19388986595453	0	1141.853588540592	0	500	6878.137	0	45	0	0	1.6737496520604773	1.6737496520604773	0.02921244228256482	0.0011067834463349407	7.612608173223869	6878.137	5676.9780285258585	108.99230270158856
26.494	ekf	6875.180144637565	142.59482730868316	142.59482730868316	0	0	0.3337837363475611	0.9426496790164742	0	0	0.5	21387.732351595998	11487.308208685234	-1217.3795176095382	662.8157556584903	0	100.19213800183779	0	1141.8536063142813	0	500	6878.137	0	45	0	0	1.6800910540914709	1.6800910540914709	0.029323120627198315	0.0011067834463349407	7.612608173223869	6878.137	5676.9780285258585	94.11575698404879
26.594	ekf	6875.157783184254	143.13288771272929	143.13288771272929	0	0	0.3572432215217755	0.9340113921557615	0	0	0.5	21933.061232533677	10410.025245044902	-1215.969725208492	666.994918198258	0	66.93995906792209	0	1141.8536240872897	0	500	6878.137	0	45	0	0	1.6864324561224646	1.6864324561224646	0.02943379897183181	0.0011067834463349407	7.612608173223869	6878.137	5676.9780285258585	84.31112485012653
26.694	ekf	6875.13533751235	143.6709463634411	143.6709463634411	0	0	0.38047944131276085	0.924789378582134	0	0	0.5	22424.168101552645	9306.929691648998	-1214.560875454082	669.5069424058612	0	33.520466115475884	0	1141.8536418596113	0	500	6878.137	0	45	0	0	1.6927738581534582	1.6927738581534582	0.029544477316465305	0.0011067834463349407	7.612608173223869	6878.137	5676.9780285258585	85.18339562068275
26.794	ekf	6875.112807622129	144.20900325422747	144.20900325422747	0	0	0.4034778738396138	0.9149894017538481	0	0	0.5	22859.835078934968	8180.748700652215	-1213.152968743568	670.3455495778035	0	0.01719039116869275	0	1141.8536596312622	0	500	6878.137	0	45	0	0	1.699115260184452	1.699115260184452	0.0296551556610988	0.0011067834463349407	7.612608173223869	6878.137	5676.9780285258585	98.92536787133406
25.894	ekf	6875.312544751721	139.36642843348656	139.36642843348656	0	0	0.18916789765619632	0.9819447573546768	0	0	0.5	17061.73913966236	17265.099157834913	-1225.8580453296288	603.6033659385241	0	291.59258523176845	0	1141.8534996619069	0	500	6878.137	0	45	0	0	1.6420426419055085	1.6420426419055085	0.02865905055939734	0.0011067834463349407	7.612608173223869	6878.137	5676.9780285258585	130.22408673453506
25.994	ekf	6875.290688615682	139.90449921912548	139.90449921912548	0	0	0.21365484755350686	0.9769092107851619	0	0	0.5	17899.570316801266	16395.927398911983	-1224.4426053997263	617.4225596232534	0	261.0605879058492	0	1141.8535174390092	0	500	6878.137	0	45	0	0	1.6483840439365025	1.6483840439365025	0.028769728904030838	0.0011067834463349407	7.612608173223869	6878.137	5676.9780285258585	144.94608990247488
26.094	ekf	6875.268748259421	140.44256829097682	140.44256829097682	0	0	0.23800827012673106	0.9712631277626477	0	0	0.5	18693.173375089944	15486.148080037234	-1223.0281057296766	629.6985196836378	0	229.87607651267152	0	1141.8535352154295	0	500	6878.137	0	45	0	0	1.654725445967496	1.654725445967496	0.028880407248664332	0.0011067834463349407	7.612608173223869	6878.137	5676.9780285258585	160.4120065409668
26.194	ekf	6875.246723683208	140.98063564244944	140.98063564244944	0	0	0.2622129452795978	0.9650100369052121	0	0	0.5	19440.582732839273	14538.009340967928	-1221.614546717685	640.4005626833766	0	198.116996026946	0	1141.853552991153	0	500	6878.137	0	45	0	0	1.6610668479984898	1.6610668479984898	0.028991085593297827	0.0011067834463349407	7.612608173223869	6878.137	5676.9780285258585	174.20695519060214
26.294	ekf	6875.224614887315	141.51870126695212	141.51870126695212	0	0	0.28625374587813124	0.9581538461910689	0	0	0.5	20139.946964591247	13553.854333118456	-1220.2019287617766	649.5019391558156	0	165.86272754350315	0	1141.8535707662095	0	500	6878.137	0	45	0	0	1.6674082500294833	1.6674082500294833	0.029101763937931322	0.0011067834463349407	7.612608173223869	6878.137	5676.9780285258585	173.56665310156652
26.394	ekf	6875.20242187201	142.05676515789372	142.05676515789372	0	0	0.3101156472046169	0.9506988405162078	0	0	0.5	20789.53338706035	12536.115428672094	-1218.7902522598206	656.9799004636466	0	133.19388986595445	0	1141.8535885405922	0	500	6878.137	0	45	0	0	1.6737496520604773	1.6737496520604773	0.02921244228256482	0.0011067834463349407	7.612608173223869	6878.137	5676.9780285258585	160.3770861876126
26.494	ekf	6875.180144637565	142.59482730868316	142.59482730868316	0	0	0.3337837363475611	0.9426496790164741	0	0	0.5	21387.732351595994	11487.308208685226	-1217.3795176095377	662.8157556584902	0	100.19213800183772	0	1141.853606314281	0	500	6878.137	0	45	0	0	1.6800910540914709	1.6800910540914709	0.029323120627198315	0.0011067834463349407	7.612608173223869	6878.137	5676.9780285258585	144.53733928630533
26.594	ekf	6875.157783184254	143.13288771272929	143.13288771272929	0	0	0.3572432215217756	0.9340113921557616	0	0	0.5	21933.061232533684	10410.025245044908	-1215.9697252084923	666.9949181982581	0	66.93995906792209	0	1141.8536240872897	0	500	6878.137	0	45	0	0	1.6864324561224646	1.6864324561224646	0.02943379897183181	0.0011067834463349407	7.612608173223869	6878.137	5676.9780285258585	126.49244348294314
26.694	ekf	6875.13533751235	143.6709463634411	143.6709463634411	0	0	0.38047944131276096	0.9247893785821341	0	0	0.5	22424.16810155265	9306.929691648998	-1214.5608754540824	669.5069424058615	0	33.52046611547581	0	1141.8536418596118	0	500	6878.137	0	45	0	0	1.6927738581534582	1.6927738581534582	0.029544477316465305	0.0011067834463349407	7.612608173223869	6878.137	5676.9780285258585	107.21193121437989
26.794	ekf	6875.112807622129	144.20900325422747	144.20900325422747	0	0	0.40347787383961387	0.914989401753848	0	0	0.5	22859.835078934964	8180.748700652209	-1213.1529687435677	670.3455495778032	0	0.017190391168545746	0	1141.8536596312622	0	500	6878.137	0	45	0	0	1.699115260184452	1.699115260184452	0.0296551556610988	0.0011067834463349407	7.612608173223869	6878.137	5676.9780285258585	87.40638962200734
26.894	ekf	6875.090193513866	144.7470583784974	144.7470583784974	0	0	0.42622414583073004	0.9046175863373787	0	0	0.5	23238.981353419927	7034.266680054974	-1211.746005474022	669.5086436776161	0	0	33.486127447455935	1141.8536774022205	0	500	6878.137	0	45	0	0	1.7054566622154457	1.7054566622154457	0.029765834005732298	0.0011067834463349407	7.612608173223869	6878.137	5676.9780285258585	68.58910149423227
25.894	ekf	6875.312544751721	139.36642843348656	139.36642843348656	0	0	0.18916789765619632	0.9819447573546768	0	0	0.5	17061.73913966236	17265.099157834913	-1225.8580453296288	603.6033659385241	0	291.59258523176845	0	1141.8534996619069	0	500	6878.137	0	45	0	0	1.6420426419055085	1.6420426419055085	0.02865905055939734	0.0011067834463349407	7.612608173223869	6878.137	5676.9780285258585	96.39423652005128
25.994	ekf	6875.290688615682	139.90449921912548	139.90449921912548	0	0	0.21365484755350686	0.9769092107851619	0	0	0.5	17899.570316801266	16395.927398911983	-1224.4426053997263	617.4225596232534	0	261.0605879058492	0	1141.8535174390092	0	500	6878.137	0	45	0	0	1.6483840439365025	1.6483840439365025	0.028769728904030838	0.0011067834463349407	7.612608173223869	6878.137	5676.9780285258585	92.71552480813757
26.094	ekf	6875.268748259421	140.44256829097682	140.44256829097682	0	0	0.23800827012673106	0.9712631277626477	0	0	0.5	18693.173375089944	15486.148080037234	-1223.0281057296766	629.6985196836378	0	229.87607651267152	0	1141.8535352154295	0	500	6878.137	0	45	0	0	1.654725445967496	1.654725445967496	0.028880407248664332	0.0011067834463349407	7.612608173223869	6878.137	5676.9780285258585	99.1965874946356
26.194	ekf	6875.246723683208	140.98063564244944	140.98063564244944	0	0	0.2622129452795978	0.9650100369052121	0	0	0.5	19440.582732839273	14538.009340967928	-1221.614546717685	640.4005626833766	0	198.116996026946	0	1141.853552991153	0	500	6878.137	0	45	0	0	1.6610668479984898	1.6610668479984898	0.028991085593297827	0.0011067834463349407	7.612608173223869	6878.137	5676.9780285258585	115.17684485176453
26.294	ekf	6875.224614887315	141.51870126695212	141.51870126695212	0	0	0.28625374587813124	0.9581538461910689	0	0	0.5	20139.946964591247	13553.854333118456	-1220.2019287617766	649.5019391558156	0	165.86272754350315	0	1141.8535707662095	0	500	6878.137	0	45	0	0	1.6674082500294833	1.6674082500294833	0.029101763937931322	0.0011067834463349407	7.612608173223869	6878.137	5676.9780285258585	136.2481641529941
26.394	ekf	6875.20242187201	142.05676515789372	142.05676515789372	0	0	0.3101156472046169	0.9506988405162078	0	0	0.5	20789.53338706035	12536.115428672094	-1218.7902522598206	656.9799004636466	0	133.19388986595445	0	1141.8535885405922	0	500	6878.137	0	45	0	0	1.6737496520604773	1.6737496520604773	0.02921244228256482	0.0011067834463349407	7.612608173223869	6878.137	5676.9780285258585	157.10571867434746
26.494	ekf	6875.180144637565	142.59482730868316	142.59482730868316	0	0	0.3337837363475611	0.9426496790164741	0	0	0.5	21387.732351595994	11487.308208685226	-1217.3795176095377	662.8157556584902	0	100.19213800183772	0	1141.853606314281	0	500	6878.137	0	45	0	0	1.6800910540914709	1.6800910540914709	0.029323120627198315	0.0011067834463349407	7.612608173223869	6878.137	5676.9780285258585	174.51887088643286
26.594	ekf	6875.157783184254	143.13288771272929	143.13288771272929	0	0	0.3572432215217756	0.9340113921557616	0	0	0.5	21933.061232533684	10410.025245044908	-1215.9697252084923	666.9949181982581	0	66.93995906792209	0	1141.8536240872897	0	500	6878.137	0	45	0	0	1.6864324561224646	1.6864324561224646	0.02943379897183181	0.0011067834463349407	7.612608173223869	6878.137	5676.9780285258585	170.15877307049664
26.694	ekf	6875.13533751235	143.6709463634411	143.6709463634411	0	0	0.38047944131276096	0.9247893785821341	0	0	0.5	22424.16810155265	9306.929691648998	-1214.5608754540824	669.5069424058615	0	33.52046611547581	0	1141.8536418596118	0	500	6878.137	0	45	0	0	1.6927738581534582	1.6927738581534582	0.029544477316465305	0.0011067834463349407	7.612608173223869	6878.137	5676.9780285258585	153.46886010573436
26.794	ekf	6875.112807622129	144.20900325422747	144.20900325422747	0	0	0.40347787383961387	0.914989401753848	0	0	0.5	22859.835078934964	8180.748700652209	-1213.1529687435677	670.3455495778032	0	0.017190391168545746	0	1141.8536596312622	0	500	6878.137	0	45	0	0	1.699115260184452	1.699115260184452	0.0296551556610988	0.0011067834463349407	7.612608173223869	6878.137	5676.9780285258585	134.433288004891
25.894	ekf	6875.312544751721	139.36642843348656	139.36642843348656	0	0	0.18916789765619638	0.9819447573546768	0	0	0.5	17061.739139662364	17265.099157834913	-1225.8580453296288	603.6033659385241	0	291.5925852317684	0	1141.8534996619069	0	500	6878.137	0	45	0	0	1.6420426419055085	1.6420426419055085	0.02865905055939734	0.0011067834463349407	7.612608173223869	6878.137	5676.9780285258585	137.97315590133255
25.994	ekf	6875.290688615682	139.90449921912548	139.90449921912548	0	0	0.21365484755350692	0.9769092107851619	0	0	0.5	17899.570316801266	16395.92739891198	-1224.4426053997263	617.4225596232534	0	261.06058790584916	0	1141.8535174390092	0	500	6878.137	0	45	0	0	1.6483840439365025	1.6483840439365025	0.028769728904030838	0.0011067834463349407	7.612608173223869	6878.137	5676.9780285258585	117.1305014641057
26.094	ekf	6875.268748259421	140.44256829097682	140.44256829097682	0	0	0.23800827012673112	0.9712631277626477	0	0	0.5	18693.173375089944	15486.148080037232	-1223.0281057296766	629.6985196836378	0	229.87607651267152	0	1141.8535352154295	0	500	6878.137	0	45	0	0	1.654725445967496	1.654725445967496	0.028880407248664332	0.0011067834463349407	7.612608173223869	6878.137	5676.9780285258585	97.35795895658346
26.194	ekf	6875.246723683208	140.98063564244944	140.98063564244944	0	0	0.2622129452795979	0.9650100369052121	0	0	0.5	19440.582732839277	14538.009340967927	-1221.614546717685	640.4005626833766	0	198.11699602694586	0	1141.8535529911533	0	500	6878.137	0	45	0	0	1.6610668479984898	1.6610668479984898	0.028991085593297827	0.0011067834463349407	7.612608173223869	6878.137	5676.9780285258585	79.15492012257641
26.294	ekf	6875.224614887315	141.51870126695212	141.51870126695212	0	0	0.2862537458781313	0.9581538461910689	0	0	0.5	20139.946964591247	13553.854333118456	-1220.2019287617766	649.5019391558156	0	165.8627275435031	0	1141.8535707662097	0	500	6878.137	0	45	0	0	1.6674082500294833	1.6674082500294833	0.029101763937931322	0.0011067834463349407	7.612608173223869	6878.137	5676.9780285258585	64.82175452267165
26.394	ekf	6875.20242187201	142.05676515789372	142.05676515789372	0	0	0.31011564720461693	0.9506988405162078	0	0	0.5	20789.53338706035	12536.115428672092	-1218.7902522598206	656.9799004636466	0	133.19388986595433	0	1141.8535885405922	0	500	6878.137	0	45	0	0	1.6737496520604773	1.6737496520604773	0.02921244228256482	0.0011067834463349407	7.612608173223869	6878.137	5676.9780285258585	60.53666915931155
26.494	ekf	6875.180144637565	142.59482730868316	142.59482730868316	0	0	0.33378373634756114	0.9426496790164741	0	0	0.5	21387.732351595994	11487.308208685226	-1217.3795176095377	662.8157556584902	0	100.19213800183772	0	1141.853606314281	0	500	6878.137	0	45	0	0	1.6800910540914709	1.6800910540914709	0.029323120627198315	0.0011067834463349407	7.612608173223869	6878.137	5676.9780285258585	72.76085598473159
26.594	ekf	6875.157783184254	143.13288771272929	143.13288771272929	0	0	0.35724322152177557	0.9340113921557613	0	0	0.5	21933.061232533677	10410.025245044897	-1215.9697252084918	666.9949181982577	0	66.93995906792202	0	1141.8536240872895	0	500	6878.137	0	45	0	0	1.6864324561224646	1.6864324561224646	0.02943379897183181	0.0011067834463349407	7.612608173223869	6878.137	5676.9780285258585	98.3412472348665
26.694	ekf	6875.13533751235	143.6709463634411	143.6709463634411	0	0	0.38047944131276096	0.924789378582134	0	0	0.5	22424.16810155265	9306.929691648998	-1214.560875454082	669.5069424058612	0	33.52046611547574	0	1141.8536418596116	0	500	6878.137	0	45	0	0	1.6927738581534582	1.6927738581534582	0.029544477316465305	0.0011067834463349407	7.612608173223869	6878.137	5676.9780285258585	128.8158432960472
25.894	ekf	6875.312544751721	139.36642843348656	139.36642843348656	0	0	0.18916789765619643	0.9819447573546768	0	0	0.5	17061.739139662368	17265.099157834913	-1225.8580453296288	603.6033659385243	0	291.5925852317683	0	1141.8534996619069	0	500	6878.137	0	45	0	0	1.6420426419055085	1.6420426419055085	0.02865905055939734	0.0011067834463349407	7.612608173223869	6878.137	5676.9780285258585	148.9496982798069
25.994	ekf	6875.290688615682	139.90449921912548	139.90449921912548	0	0	0.21365484755350697	0.9769092107851619	0	0	0.5	17899.570316801266	16395.927398911976	-1224.4426053997263	617.4225596232534	0	261.0605879058491	0	1141.8535174390092	0	500	6878.137	0	45	0	0	1.6483840439365025	1.6483840439365025	0.028769728904030838	0.0011067834463349407	7.612608173223869	6878.137	5676.9780285258585	171.58794068968214
26.094	ekf	6875.268748259421	140.44256829097682	140.44256829097682	0	0	0.23800827012673118	0.9712631277626477	0	0	0.5	18693.17337508995	15486.14808003723	-1223.0281057296766	629.6985196836378	0	229.8760765126714	0	1141.8535352154295	0	500	6878.137	0	45	0	0	1.654725445967496	1.654725445967496	0.028880407248664332	0.0011067834463349407	7.612608173223869	6878.137	5676.9780285258585	168.58341891963724
26.194	ekf	6875.246723683208	140.98063564244944	140.98063564244944	0	0	0.26221294527959793	0.9650100369052121	0	0	0.5	19440.582732839277	14538.009340967921	-1221.614546717685	640.4005626833767	0	198.1169960269458	0	1141.8535529911533	0	500	6878.137	0	45	0	0	1.6610668479984898	1.6610668479984898	0.028991085593297827	0.0011067834463349407	7.612608173223869	6878.137	5676.9780285258585	149.7217256065893
26.294	ekf	6875.224614887315	141.51870126695212	141.51870126695212	0	0	0.28625374587813135	0.9581538461910689	0	0	0.5	20139.94696459125	13553.854333118452	-1220.2019287617768	649.5019391558158	0	165.862727543503	0	1141.8535707662097	0	500	6878.137	0	45	0	0	1.6674082500294833	1.6674082500294833	0.029101763937931322	0.0011067834463349407	7.612608173223869	6878.137	5676.9780285258585	130.5907994301232
26.394	ekf	6875.20242187201	142.05676515789372	142.05676515789372	0	0	0.31011564720461693	0.9506988405162076	0	0	0.5	20789.533387060343	12536.115428672083	-1218.7902522598201	656.9799004636465	0	133.19388986595422	0	1141.853588540592	0	500	6878.137	0	45	0	0	1.6737496520604773	1.6737496520604773	0.02921244228256482	0.0011067834463349407	7.612608173223869	6878.137	5676.9780285258585	110.9856792940271
26.494	ekf	6875.180144637565	142.59482730868316	142.59482730868316	0	0	0.33378373634756126	0.9426496790164741	0	0	0.5	21387.732351596	11487.308208685223	-1217.379517609538	662.8157556584903	0	100.19213800183753	0	1141.853606314281	0	500	6878.137	0	45	0	0	1.6800910540914709	1.6800910540914709	0.029323120627198315	0.0011067834463349407	7.612608173223869	6878.137	5676.9780285258585	90.82858142112225
26.594	ekf	6875.157783184254	143.13288771272929	143.13288771272929	0	0	0.3572432215217757	0.9340113921557613	0	0	0.5	21933.06123253368	10410.025245044895	-1215.969725208492	666.9949181982579	0	66.93995906792183	0	1141.8536240872895	0	500	6878.137	0	45	0	0	1.6864324561224646	1.6864324561224646	0.02943379897183181	0.0011067834463349407	7.612608173223869	6878.137	5676.9780285258585	69.98370601612737
26.694	ekf	6875.13533751235	143.6709463634411	143.6709463634411	0	0	0.380479441312761	0.9247893785821338	0	0	0.5	22424.16810155264	9306.92969164899	-1214.560875454082	669.5069424058612	0	33.520466115475664	0	1141.8536418596113	0	500	6878.137	0	45	0	0	1.6927738581534582	1.6927738581534582	0.029544477316465305	0.0011067834463349407	7.612608173223869	6878.137	5676.9780285258585	48.531341506789204
26.794	ekf	6875.112807622129	144.20900325422747	144.20900325422747	0	0	0.403477873839614	0.914989401753848	0	0	0.5	22859.835078934968	8180.748700652205	-1213.152968743568	670.3455495778034	0	0.017190391168398746	0	1141.8536596312622	0	500	6878.137	0	45	0	0	1.699115260184452	1.699115260184452	0.0296551556610988	0.0011067834463349407	7.612608173223869	6878.137	5676.9780285258585	28.898588676832137
25.894	ekf	6875.312544751721	139.36642843348656	139.36642843348656	0	0	0.18916789765619646	0.9819447573546766	0	0	0.5	17061.739139662364	17265.099157834902	-1225.8580453296283	603.6033659385239	0	291.5925852317681	0	1141.8534996619064	0	500	6878.137	0	45	0	0	1.6420426419055085	1.6420426419055085	0.02865905055939734	0.0011067834463349407	7.612608173223869	6878.137	5676.9780285258585	56.48491787323059
25.994	ekf	6875.290688615682	139.90449921912548	139.90449921912548	0	0	0.21365484755350705	0.9769092107851619	0	0	0.5	17899.57031680127	16395.927398911976	-1224.4426053997263	617.4225596232535	0	261.06058790584905	0	1141.8535174390092	0	500	6878.137	0	45	0	0	1.6483840439365025	1.6483840439365025	0.028769728904030838	0.0011067834463349407	7.612608173223869	6878.137	5676.9780285258585	63.20195673921648
26.094	ekf	6875.268748259421	140.44256829097682	140.44256829097682	0	0	0.23800827012673126	0.9712631277626477	0	0	0.5	18693.17337508995	15486.14808003723	-1223.0281057296766	629.6985196836379	0	229.87607651267132	0	1141.8535352154295	0	500	6878.137	0	45	0	0	1.654725445967496	1.654725445967496	0.028880407248664332	0.0011067834463349407	7.612608173223869	6878.137	5676.9780285258585	83.40101155115597
26.194	ekf	6875.246723683208	140.98063564244944	140.98063564244944	0	0	0.26221294527959804	0.9650100369052121	0	0	0.5	19440.58273283928	14538.00934096792	-1221.6145467176852	640.4005626833767	0	198.11699602694577	0	1141.8535529911533	0	500	6878.137	0	45	0	0	1.6610668479984898	1.6610668479984898	0.028991085593297827	0.0011067834463349407	7.612608173223869	6878.137	5676.9780285258585	111.18269431876725
26.294	ekf	6875.224614887315	141.51870126695212	141.51870126695212	0	0	0.28625374587813146	0.9581538461910689	0	0	0.5	20139.946964591254	13553.854333118448	-1220.2019287617768	649.5019391558158	0	165.8627275435029	0	1141.8535707662097	0	500	6878.137	0	45	0	0	1.6674082500294833	1.6674082500294833	0.029101763937931322	0.0011067834463349407	7.612608173223869	6878.137	5676.9780285258585	140.75702656523643
26.394	ekf	6875.20242187201	142.05676515789372	142.05676515789372	0	0	0.31011564720461704	0.9506988405162076	0	0	0.5	20789.533387060346	12536.115428672078	-1218.7902522598201	656.9799004636466	0	133.19388986595413	0	1141.853588540592	0	500	6878.137	0	45	0	0	1.6737496520604773	1.6737496520604773	0.02921244228256482	0.0011067834463349407	7.612608173223869	6878.137	5676.9780285258585	166.9564352809618
26.494	ekf	6875.180144637565	142.59482730868316	142.59482730868316	0	0	0.33378373634756137	0.9426496790164741	0	0	0.5	21387.732351596005	11487.308208685216	-1217.379517609538	662.8157556584903	0	100.19213800183739	0	1141.8536063142813	0	500	6878.137	0	45	0	0	1.6800910540914709	1.6800910540914709	0.029323120627198315	0.0011067834463349407	7.612608173223869	6878.137	5676.9780285258585	171.83352223376735
26.594	ekf	6875.157783184254	143.13288771272929	143.13288771272929	0	0	0.3572432215217758	0.9340113921557613	0	0	0.5	21933.06123253368	10410.02524504489	-1215.969725208492	666.994918198258	0	66.93995906792176	0	1141.8536240872895	0	500	6878.137	0	45	0	0	1.6864324561224646	1.6864324561224646	0.02943379897183181	0.0011067834463349407	7.612608173223869	6878.137	5676.9780285258585	152.88691495607677
26.694	ekf	6875.13533751235	143.6709463634411	143.6709463634411	0	0	0.3804794413127611	0.9247893785821338	0	0	0.5	22424.16810155264	9306.929691648988	-1214.5608754540822	669.5069424058612	0	33.52046611547552	0	1141.8536418596113	0	500	6878.137	0	45	0	0	1.6927738581534582	1.6927738581534582	0.029544477316465305	0.0011067834463349407	7.612608173223869	6878.137	5676.9780285258585	134.1937166865269
25.894	ekf	6875.312544751721	139.36642843348656	139.36642843348656	0	0	0.1891678976561966	0.9819447573546767	0	0	0.5	17061.73913966237	17265.099157834902	-1225.8580453296288	603.6033659385242	0	291.59258523176806	0	1141.8534996619069	0	500	6878.137	0	45	0	0	1.6420426419055085	1.6420426419055085	0.02865905055939734	0.0011067834463349407	7.612608173223869	6878.137	5676.9780285258585	131.86066714594782
25.994	ekf	6875.290688615682	139.90449921912548	139.90449921912548	0	0	0.21365484755350714	0.9769092107851618	0	0	0.5	17899.570316801273	16395.92739891197	-1224.442605399726	617.4225596232534	0	261.0605879058488	0	1141.8535174390092	0	500	6878.137	0	45	0	0	1.6483840439365025	1.6483840439365025	0.028769728904030838	0.0011067834463349407	7.612608173223869	6878.137	5676.9780285258585	111.07026951326642
26.094	ekf	6875.268748259421	140.44256829097682	140.44256829097682	0	0	0.23800827012673134	0.9712631277626476	0	0	0.5	18693.17337508995	15486.148080037217	-1223.0281057296763	629.6985196836378	0	229.87607651267115	0	1141.8535352154292	0	500	6878.137	0	45	0	0	1.654725445967496	1.654725445967496	0.028880407248664332	0.0011067834463349407	7.612608173223869	6878.137	5676.9780285258585	90.98781962861437
26.194	ekf	6875.246723683208	140.98063564244944	140.98063564244944	0	0	0.2622129452795981	0.965010036905212	0	0	0.5	19440.582732839277	14538.009340967912	-1221.6145467176852	640.4005626833767	0	198.1169960269455	0	1141.853552991153	0	500	6878.137	0	45	0	0	1.6610668479984898	1.6610668479984898	0.028991085593297827	0.0011067834463349407	7.612608173223869	6878.137	5676.9780285258585	71.34602903250799
26.294	ekf	6875.224614887315	141.51870126695212	141.51870126695212	0	0	0.2862537458781315	0.9581538461910688	0	0	0.5	20139.946964591254	13553.854333118445	-1220.2019287617766	649.5019391558158	0	165.86272754350287	0	1141.8535707662095	0	500	6878.137	0	45	0	0	1.6674082500294833	1.6674082500294833	0.029101763937931322	0.0011067834463349407	7.612608173223869	6878.137	5676.9780285258585	52.532196469059734
26.394	ekf	6875.20242187201	142.05676515789372	142.05676515789372	0	0	0.31011564720461715	0.9506988405162077	0	0	0.5	20789.533387060357	12536.115428672078	-1218.7902522598206	656.9799004636466	0	133.1938898659541	0	1141.8535885405922	0	500	6878.137	0	45	0	0	1.6737496520604773	1.6737496520604773	0.02921244228256482	0.0011067834463349407	7.612608173223869	6878.137	5676.9780285258585	37.245163089393486
26.494	ekf	6875.180144637565	142.59482730868316	142.59482730868316	0	0	0.33378373634756137	0.942649679016474	0	0	0.5	21387.732351596	11487.308208685214	-1217.379517609538	662.8157556584903	0	100.19213800183735	0	1141.853606314281	0	500	6878.137	0	45	0	0	1.6800910540914709	1.6800910540914709	0.029323120627198315	0.0011067834463349407	7.612608173223869	6878.137	5676.9780285258585	34.65884860366229
26.594	ekf	6875.157783184254	143.13288771272929	143.13288771272929	0	0	0.3572432215217759	0.9340113921557615	0	0	0.5	21933.06123253369	10410.02524504489	-1215.9697252084925	666.9949181982581	0	66.93995906792165	0	1141.85362408729	0	500	6878.137	0	45	0	0	1.6864324561224646	1.6864324561224646	0.02943379897183181	0.0011067834463349407	7.612608173223869	6878.137	5676.9780285258585	50.545636616972416
26.694	ekf	6875.13533751235	143.6709463634411	143.6709463634411	0	0	0.38047944131276124	0.924789378582134	0	0	0.5	22424.168101552656	9306.929691648986	-1214.5608754540822	669.5069424058613	0	33.52046611547541	0	1141.8536418596118	0	500	6878.137	0	45	0	0	1.6927738581534582	1.6927738581534582	0.029544477316465305	0.0011067834463349407	7.612608173223869	6878.137	5676.9780285258585	76.58240901776581
26.794	ekf	6875.112807622129	144.20900325422747	144.20900325422747	0	0	0.40347787383961414	0.9149894017538479	0	0	0.5	22859.835078934968	8180.748700652193	-1213.1529687435677	670.3455495778032	0	0.01719039116814149	0	1141.8536596312622	0	500	6878.137	0	45	0	0	1.699115260184452	1.699115260184452	0.0296551556610988	0.0011067834463349407	7.612608173223869	6878.137	5676.9780285258585	106.98227529577882
25.894	ekf	6875.312544751721	139.36642843348656	139.36642843348656	0	0	0.18916789765619665	0.9819447573546767	0	0	0.5	17061.73913966237	17265.099157834895	-1225.8580453296288	603.6033659385242	0	291.59258523176806	0	1141.8534996619069	0	500	6878.137	0	45	0	0	1.6420426419055085	1.6420426419055085	0.02865905055939734	0.0011067834463349407	7.612608173223869	6878.137	5676.9780285258585	134.3219692380791
25.994	ekf	6875.290688615682	139.90449921912548	139.90449921912548	0	0	0.2136548475535072	0.9769092107851618	0	0	0.5	17899.570316801277	16395.927398911965	-1224.4426053997263	617.4225596232535	0	261.0605879058488	0	1141.8535174390092	0	500	6878.137	0	45	0	0	1.6483840439365025	1.6483840439365025	0.028769728904030838	0.0011067834463349407	7.612608173223869	6878.137	5676.9780285258585	158.84127889462636
26.094	ekf	6875.268748259421	140.44256829097682	140.44256829097682	0	0	0.2380082701267314	0.9712631277626476	0	0	0.5	18693.173375089955	15486.148080037216	-1223.0281057296763	629.6985196836378	0	229.87607651267112	0	1141.8535352154292	0	500	6878.137	0	45	0	0	1.654725445967496	1.654725445967496	0.028880407248664332	0.0011067834463349407	7.612608173223869	6878.137	5676.9780285258585	179.53089526341367
26.194	ekf	6875.246723683208	140.98063564244944	140.98063564244944	0	0	0.26221294527959815	0.965010036905212	0	0	0.5	19440.582732839284	14538.00934096791	-1221.6145467176852	640.4005626833767	0	198.1169960269455	0	1141.853552991153	0	500	6878.137	0	45	0	0	1.6610668479984898	1.6610668479984898	0.028991085593297827	0.0011067834463349407	7.612608173223869	6878.137	5676.9780285258585	164.17937585069444
26.294	ekf	6875.224614887315	141.51870126695212	141.51870126695212	0	0	0.28625374587813157	0.9581538461910688	0	0	0.5	20139.946964591258	13553.854333118441	-1220.2019287617766	649.5019391558158	0	165.86272754350276	0	1141.8535707662095	0	500	6878.137	0	45	0	0	1.6674082500294833	1.6674082500294833	0.029101763937931322	0.0011067834463349407	7.612608173223869	6878.137	5676.9780285258585	150.92964474584915
26.394	ekf	6875.20242187201	142.05676515789372	142.05676515789372	0	0	0.3101156472046172	0.9506988405162077	0	0	0.5	20789.533387060357	12536.115428672076	-1218.7902522598206	656.9799004636467	0	133.19388986595402	0	1141.8535885405925	0	500	6878.137	0	45	0	0	1.6737496520604773	1.6737496520604773	0.02921244228256482	0.0011067834463349407	7.612608173223869	6878.137	5676.9780285258585	139.37345265060128
26.494	ekf	6875.180144637565	142.59482730868316	142.59482730868316	0	0	0.3337837363475614	0.942649679016474	0	0	0.5	21387.732351596	11487.308208685212	-1217.3795176095382	662.8157556584903	0	100.19213800183731	0	1141.853606314281	0	500	6878.137	0	45	0	0	1.6800910540914709	1.6800910540914709	0.029323120627198315	0.0011067834463349407	7.612608173223869	6878.137	5676.9780285258585	128.7364807251765
26.594	ekf	6875.157783184254	143.13288771272929	143.13288771272929	0	0	0.35724322152177596	0.9340113921557615	0	0	0.5	21933.061232533695	10410.025245044888	-1215.9697252084925	666.9949181982581	0	66.93995906792162	0	1141.85362408729	0	500	6878.137	0	45	0	0	1.6864324561224646	1.6864324561224646	0.02943379897183181	0.0011067834463349407	7.612608173223869	6878.137	5676.9780285258585	118.6152291425821
26.694	ekf	6875.13533751235	143.6709463634411	143.6709463634411	0	0	0.3804794413127612	0.9247893785821337	0	0	0.5	22424.16810155264	9306.929691648984	-1214.5608754540817	669.5069424058612	0	33.52046611547537	0	1141.8536418596111	0	500	6878.137	0	45	0	0	1.6927738581534582	1.6927738581534582	0.029544477316465305	0.0011067834463349407	7.612608173223869	6878.137	5676.9780285258585	108.89029455267149
26.794	ekf	6875.112807622129	144.20900325422747	144.20900325422747	0	0	0.40347787383961414	0.9149894017538479	0	0	0.5	22859.835078934968	8180.748700652193	-1213.1529687435677	670.3455495778032	0	0.01719039116814149	0	1141.8536596312622	0	500	6878.137	0	45	0	0	1.699115260184452	1.699115260184452	0.0296551556610988	0.0011067834463349407	7.612608173223869	6878.137	5676.9780285258585	99.64910108556022
25.894	ekf	6875.312544751721	139.36642843348656	139.36642843348656	0	0	0.18916789765619665	0.9819447573546767	0	0	0.5	17061.73913966237	17265.099157834895	-1225.8580453296288	603.6033659385242	0	291.59258523176806	0	1141.8534996619069	0	500	6878.137	0	45	0	0	1.6420426419055085	1.6420426419055085	0.02865905055939734	0.0011067834463349407	7.612608173223869	6878.137	5676.9780285258585	111.57978725577226
25.994	ekf	6875.290688615682	139.90449921912548	139.90449921912548	0	0	0.2136548475535072	0.9769092107851618	0	0	0.5	17899.570316801277	16395.927398911965	-1224.4426053997263	617.4225596232535	0	261.0605879058488	0	1141.8535174390092	0	500	6878.137	0	45	0	0	1.6483840439365025	1.6483840439365025	0.028769728904030838	0.0011067834463349407	7.612608173223869	6878.137	5676.9780285258585	104.59258455965883
26.094	ekf	6875.268748259421	140.44256829097682	140.44256829097682	0	0	0.2380082701267314	0.9712631277626476	0	0	0.5	18693.173375089955	15486.148080037216	-1223.0281057296763	629.6985196836378	0	229.87607651267112	0	1141.8535352154292	0	500	6878.137	0	45	0	0	1.654725445967496	1.654725445967496	0.028880407248664332	0.0011067834463349407	7.612608173223869	6878.137	5676.9780285258585	100.22205032522018
26.194	ekf	6875.246723683208	140.98063564244944	140.98063564244944	0	0	0.26221294527959815	0.965010036905212	0	0	0.5	19440.582732839284	14538.00934096791	-1221.6145467176852	640.4005626833767	0	198.1169960269455	0	1141.853552991153	0	500	6878.137	0	45	0	0	1.6610668479984898	1.6610668479984898	0.028991085593297827	0.0011067834463349407	7.612608173223869	6878.137	5676.9780285258585	98.64050777645748
26.294	ekf	6875.224614887315	141.51870126695212	141.51870126695212	0	0	0.28625374587813157	0.9581538461910688	0	0	0.5	20139.946964591258	13553.854333118441	-1220.2019287617766	649.5019391558158	0	165.86272754350276	0	1141.8535707662095	0	500	6878.137	0	45	0	0	1.6674082500294833	1.6674082500294833	0.029101763937931322	0.0011067834463349407	7.612608173223869	6878.137	5676.9780285258585	99.89008868096509
26.394	ekf	6875.20242187201	142.05676515789372	142.05676515789372	0	0	0.3101156472046172	0.9506988405162077	0	0	0.5	20789.533387060357	12536.115428672076	-1218.7902522598206	656.9799004636467	0	133.19388986595402	0	1141.8535885405925	0	500	6878.137	0	45	0	0	1.6737496520604773	1.6737496520604773	0.02921244228256482	0.0011067834463349407	7.612608173223869	6878.137	5676.9780285258585	104.07814682459366
26.494	ekf	6875.180144637565	142.59482730868316	142.59482730868316	0	0	0.3337837363475614	0.942649679016474	0	0	0.5	21387.732351596	11487.308208685212	-1217.3795176095382	662.8157556584903	0	100.19213800183731	0	1141.853606314281	0	500	6878.137	0	45	0	0	1.6800910540914709	1.6800910540914709	0.029323120627198315	0.0011067834463349407	7.612608173223869	6878.137	5676.9780285258585	111.35957122460326
26.594	ekf	6875.157783184254	143.13288771272929	143.13288771272929	0	0	0.35724322152177596	0.9340113921557615	0	0	0.5	21933.061232533695	10410.025245044888	-1215.9697252084925	666.9949181982581	0	66.93995906792162	0	1141.85362408729	0	500	6878.137	0	45	0	0	1.6864324561224646	1.6864324561224646	0.02943379897183181	0.0011067834463349407	7.612608173223869	6878.137	5676.9780285258585	121.45418720080599
26.694	ekf	6875.13533751235	143.6709463634411	143.6709463634411	0	0	0.3804794413127612	0.9247893785821337	0	0	0.5	22424.16810155264	9306.929691648984	-1214.5608754540817	669.5069424058612	0	33.52046611547537	0	1141.8536418596111	0	500	6878.137	0	45	0	0	1.6927738581534582	1.6927738581534582	0.029544477316465305	0.0011067834463349407	7.612608173223869	6878.137	5676.9780285258585	133.12555456763343
26.794	ekf	6875.112807622129	144.20900325422747	144.20900325422747	0	0	0.40347787383961414	0.9149894017538479	0	0	0.5	22859.835078934968	8180.748700652193	-1213.1529687435677	670.3455495778032	0	0.01719039116814149	0	1141.8536596312622	0	500	6878.137	0	45	0	0	1.699115260184452	1.699115260184452	0.0296551556610988	0.0011067834463349407	7.612608173223869	6878.137	5676.9780285258585	144.547332815227
25.894	ekf	6875.312544751721	139.36642843348656	139.36642843348656	0	0	0.18916789765619665	0.9819447573546767	0	0	0.5	17061.73913966237	17265.099157834895	-1225.8580453296288	603.6033659385242	0	291.59258523176806	0	1141.8534996619069	0	500	6878.137	0	45	0	0	1.6420426419055085	1.6420426419055085	0.02865905055939734	0.0011067834463349407	7.612608173223869	6878.137	5676.9780285258585	167.90906747533987
25.994	ekf	6875.290688615682	139.90449921912548	139.90449921912548	0	0	0.2136548475535072	0.9769092107851618	0	0	0.5	17899.570316801277	16395.927398911965	-1224.4426053997263	617.4225596232535	0	261.0605879058488	0	1141.8535174390092	0	500	6878.137	0	45	0	0	1.6483840439365025	1.6483840439365025	0.028769728904030838	0.0011067834463349407	7.612608173223869	6878.137	5676.9780285258585	171.17551338768337
26.094	ekf	6875.268748259421	140.44256829097682	140.44256829097682	0	0	0.2380082701267314	0.9712631277626476	0	0	0.5	18693.173375089955	15486.148080037216	-1223.0281057296763	629.6985196836378	0	229.87607651267112	0	1141.8535352154292	0	500	6878.137	0	45	0	0	1.654725445967496	1.654725445967496	0.028880407248664332	0.0011067834463349407	7.612608173223869	6878.137	5676.9780285258585	174.46312152854824
26.194	ekf	6875.246723683208	140.98063564244944	140.98063564244944	0	0	0.26221294527959815	0.965010036905212	0	0	0.5	19440.582732839284	14538.00934096791	-1221.6145467176852	640.4005626833767	0	198.1169960269455	0	1141.853552991153	0	500	6878.137	0	45	0	0	1.6610668479984898	1.6610668479984898	0.028991085593297827	0.0011067834463349407	7.612608173223869	6878.137	5676.9780285258585	178.38599010118557
26.294	ekf	6875.224614887315	141.51870126695212	141.51870126695212	0	0	0.28625374587813157	0.9581538461910688	0	0	0.5	20139.946964591258	13553.854333118441	-1220.2019287617766	649.5019391558158	0	165.86272754350276	0	1141.8535707662095	0	500	6878.137	0	45	0	0	1.6674082500294833	1.6674082500294833	0.029101763937931322	0.0011067834463349407	7.612608173223869	6878.137	5676.9780285258585	176.18243125838566
26.394	ekf	6875.20242187201	142.05676515789372	142.05676515789372	0	0	0.3101156472046172	0.9506988405162077	0	0	0.5	20789.533387060357	12536.115428672076	-1218.7902522598206	656.9799004636467	0	133.19388986595402	0	1141.8535885405925	0	500	6878.137	0	45	0	0	1.6737496520604773	1.6737496520604773	0.02921244228256482	0.0011067834463349407	7.612608173223869	6878.137	5676.9780285258585	168.40123602998437
26.494	ekf	6875.180144637565	142.59482730868316	142.59482730868316	0	0	0.3337837363475614	0.942649679016474	0	0	0.5	21387.732351596	11487.308208685212	-1217.3795176095382	662.8157556584903	0	100.19213800183731	0	1141.853606314281	0	500	6878.137	0	45	0	0	1.6800910540914709	1.6800910540914709	0.029323120627198315	0.0011067834463349407	7.612608173223869	6878.137	5676.9780285258585	157.91637761217135
26.594	ekf	6875.157783184254	143.13288771272929	143.13288771272929	0	0	0.35724322152177596	0.9340113921557615	0	0	0.5	21933.061232533695	10410.025245044888	-1215.9697252084925	666.9949181982581	0	66.93995906792162	0	1141.85362408729	0	500	6878.137	0	45	0	0	1.6864324561224646	1.6864324561224646	0.02943379897183181	0.0011067834463349407	7.612608173223869	6878.137	5676.9780285258585	145.33355438710768
26.694	ekf	6875.13533751235	143.6709463634411	143.6709463634411	0	0	0.3804794413127612	0.9247893785821337	0	0	0.5	22424.16810155264	9306.929691648984	-1214.5608754540817	669.5069424058612	0	33.52046611547537	0	1141.8536418596111	0	500	6878.137	0	45	0	0	1.6927738581534582	1.6927738581534582	0.029544477316465305	0.0011067834463349407	7.612608173223869	6878.137	5676.9780285258585	132.09336101847188
26.794	ekf	6875.112807622129	144.20900325422747	144.20900325422747	0	0	0.40347787383961414	0.9149894017538479	0	0	0.5	22859.835078934968	8180.748700652193	-1213.1529687435677	670.3455495778032	0	0.01719039116814149	0	1141.8536596312622	0	500	6878.137	0	45	0	0	1.699115260184452	1.699115260184452	0.0296551556610988	0.0011067834463349407	7.612608173223869	6878.137	5676.9780285258585	119.53611529579723
25.894	ekf	6875.312544751721	139.36642843348656	139.36642843348656	0	0	0.18916789765619665	0.9819447573546767	0	0	0.5	17061.73913966237	17265.099157834895	-1225.8580453296288	603.6033659385242	0	291.59258523176806	0	1141.8534996619069	0	500	6878.137	0	45	0	0	1.6420426419055085	1.6420426419055085	0.02865905055939734	0.0011067834463349407	7.612608173223869	6878.137	5676.9780285258585	142.69487114424498
25.994	ekf	6875.290688615682	139.90449921912548	139.90449921912548	0	0	0.2136548475535072	0.9769092107851618	0	0	0.5	17899.570316801277	16395.927398911965	-1224.4426053997263	617.4225596232535	0	261.0605879058488	0	1141.8535174390092	0	500	6878.137	0	45	0	0	1.6483840439365025	1.6483840439365025	0.028769728904030838	0.0011067834463349407	7.612608173223869	6878.137	5676.9780285258585	131.59006613625448
26.094	ekf	6875.268748259421	140.44256829097682	140.44256829097682	0	0	0.2380082701267314	0.9712631277626476	0	0	0.5	18693.173375089955	15486.148080037216	-1223.0281057296763	629.6985196836378	0	229.87607651267112	0	1141.8535352154292	0	500	6878.137	0	45	0	0	1.654725445967496	1.654725445967496	0.028880407248664332	0.0011067834463349407	7.612608173223869	6878.137	5676.9780285258585	123.61478033381832
26.194	ekf	6875.246723683208	140.98063564244944	140.98063564244944	0	0	0.26221294527959815	0.965010036905212	0	0	0.5	19440.582732839284	14538.00934096791	-1221.6145467176852	640.4005626833767	0	198.1169960269455	0	1141.853552991153	0	500	6878.137	0	45	0	0	1.6610668479984898	1.6610668479984898	0.028991085593297827	0.0011067834463349407	7.612608173223869	6878.137	5676.9780285258585	119.91037877343774
26.294	ekf	6875.224614887315	141.51870126695212	141.51870126695212	0	0	0.28625374587813157	0.9581538461910688	0	0	0.5	20139.946964591258	13553.854333118441	-1220.2019287617766	649.5019391558158	0	165.86272754350276	0	1141.8535707662095	0	500	6878.137	0	45	0	0	1.6674082500294833	1.6674082500294833	0.029101763937931322	0.0011067834463349407	7.612608173223869	6878.137	5676.9780285258585	121.36619691248639
26.394	ekf	6875.20242187201	142.05676515789372	142.05676515789372	0	0	0.3101156472046172	0.9506988405162077	0	0	0.5	20789.533387060357	12536.115428672076	-1218.7902522598206	656.9799004636467	0	133.19388986595402	0	1141.8535885405925	0	500	6878.137	0	45	0	0	1.6737496520604773	1.6737496520604773	0.02921244228256482	0.0011067834463349407	7.612608173223869	6878.137	5676.9780285258585	127.90500564185854
26.494	ekf	6875.180144637565	142.59482730868316	142.59482730868316	0	0	0.3337837363475614	0.942649679016474	0	0	0.5	21387.732351596	11487.308208685212	-1217.3795176095382	662.8157556584903	0	100.19213800183731	0	1141.853606314281	0	500	6878.137	0	45	0	0	1.6800910540914709	1.6800910540914709	0.029323120627198315	0.0011067834463349407	7.612608173223869	6878.137	5676.9780285258585	138.3121428895182
26.594	ekf	6875.157783184254	143.13288771272929	143.13288771272929	0	0	0.35724322152177596	0.9340113921557615	0	0	0.5	21933.061232533695	10410.025245044888	-1215.9697252084925	666.9949181982581	0	66.93995906792162	0	1141.85362408729	0	500	6878.137	0	45	0	0	1.6864324561224646	1.6864324561224646	0.02943379897183181	0.0011067834463349407	7.612608173223869	6878.137	5676.9780285258585	150.72028152595308
26.694	ekf	6875.13533751235	143.6709463634411	143.6709463634411	0	0	0.3804794413127612	0.9247893785821337	0	0	0.5	22424.16810155264	9306.929691648984	-1214.5608754540817	669.5069424058612	0	33.52046611547537	0	1141.8536418596111	0	500	6878.137	0	45	0	0	1.6927738581534582	1.6927738581534582	0.029544477316465305	0.0011067834463349407	7.612608173223869	6878.137	5676.9780285258585	163.44792635545335
26.794	ekf	6875.112807622129	144.20900325422747	144.20900325422747	0	0	0.40347787383961414	0.9149894017538479	0	0	0.5	22859.835078934968	8180.748700652193	-1213.1529687435677	670.3455495778032	0	0.01719039116814149	0	1141.8536596312622	0	500	6878.137	0	45	0	0	1.699115260184452	1.699115260184452	0.0296551556610988	0.0011067834463349407	7.612608173223869	6878.137	5676.9780285258585	175.97175024068906
25.894	ekf	6875.312544751721	139.36642843348656	139.36642843348656	0	0	0.18916789765619665	0.9819447573546767	0	0	0.5	17061.73913966237	17265.099157834895	-1225.8580453296288	603.6033659385242	0	291.59258523176806	0	1141.8534996619069	0	500	6878.137	0	45	0	0	1.6420426419055085	1.6420426419055085	0.02865905055939734	0.0011067834463349407	7.612608173223869	6878.137	5676.9780285258585	178.4864868523993
25.994	ekf	6875.290688615682	139.90449921912548	139.90449921912548	0	0	0.2136548475535072	0.9769092107851618	0	0	0.5	17899.570316801277	16395.927398911965	-1224.4426053997263	617.4225596232535	0	261.0605879058488	0	1141.8535174390092	0	500	6878.137	0	45	0	0	1.6483840439365025	1.6483840439365025	0.028769728904030838	0.0011067834463349407	7.612608173223869	6878.137	5676.9780285258585	168.5494588165912
26.094	ekf	6875.268748259421	140.44256829097682	140.44256829097682	0	0	0.2380082701267314	0.9712631277626476	0	0	0.5	18693.173375089955	15486.148080037216	-1223.0281057296763	629.6985196836378	0	229.87607651267112	0	1141.8535352154292	0	500	6878.137	0	45	0	0	1.654725445967496	1.654725445967496	0.028880407248664332	0.0011067834463349407	7.612608173223869	6878.137	5676.9780285258585	154.2827255136156
26.194	ekf	6875.246723683208	140.98063564244944	140.98063564244944	0	0	0.26221294527959815	0.965010036905212	0	0	0.5	19440.582732839284	14538.00934096791	-1221.6145467176852	640.4005626833767	0	198.1169960269455	0	1141.853552991153	0	500	6878.137	0	45	0	0	1.6610668479984898	1.6610668479984898	0.028991085593297827	0.0011067834463349407	7.612608173223869	6878.137	5676.9780285258585	139.16593741395891
26.294	ekf	6875.224614887315	141.51870126695212	141.51870126695212	0	0	0.28625374587813157	0.9581538461910688	0	0	0.5	20139.946964591258	13553.854333118441	-1220.2019287617766	649.5019391558158	0	165.86272754350276	0	1141.8535707662095	0	500	6878.137	0	45	0	0	1.6674082500294833	1.6674082500294833	0.029101763937931322	0.0011067834463349407	7.612608173223869	6878.137	5676.9780285258585	124.07293724025087
26.394	ekf	6875.20242187201	142.05676515789372	142.05676515789372	0	0	0.3101156472046172	0.9506988405162077	0	0	0.5	20789.533387060357	12536.115428672076	-1218.7902522598206	656.9799004636467	0	133.19388986595402	0	1141.8535885405925	0	500	6878.137	0	45	0	0	1.6737496520604773	1.6737496520604773	0.02921244228256482	0.0011067834463349407	7.612608173223869	6878.137	5676.9780285258585	109.87142374671114
26.494	ekf	6875.180144637565	142.59482730868316	142.59482730868316	0	0	0.3337837363475614	0.942649679016474	0	0	0.5	21387.732351596	11487.308208685212	-1217.3795176095382	662.8157556584903	0	100.19213800183731	0	1141.853606314281	0	500	6878.137	0	45	0	0	1.6800910540914709	1.6800910540914709	0.029323120627198315	0.0011067834463349407	7.612608173223869	6878.137	5676.9780285258585	97.74446996657824
26.594	ekf	6875.157783184254	143.13288771272929	143.13288771272929	0	0	0.35724322152177596	0.9340113921557615	0	0	0.5	21933.061232533695	10410.025245044888	-1215.9697252084925	666.9949181982581	0	66.93995906792162	0	1141.85362408729	0	500	6878.137	0	45	0	0	1.6864324561224646	1.6864324561224646	0.02943379897183181	0.0011067834463349407	7.612608173223869	6878.137	5676.9780285258585	89.86023910344773
26.694	ekf	6875.13533751235	143.6709463634411	143.6709463634411	0	0	0.3804794413127612	0.9247893785821337	0	0	0.5	22424.16810155264	9306.929691648984	-1214.5608754540817	669.5069424058612	0	33.52046611547537	0	1141.8536418596111	0	500	6878.137	0	45	0	0	1.6927738581534582	1.6927738581534582	0.029544477316465305	0.0011067834463349407	7.612608173223869	6878.137	5676.9780285258585	89.27932537830351
25.894	ekf	6875.312544751721	139.36642843348656	139.36642843348656	0	0	0.18916789765619668	0.9819447573546766	0	0	0.5	17061.73913966237	17265.099157834895	-1225.8580453296286	603.6033659385241	0	291.5925852317679	0	1141.8534996619064	0	500	6878.137	0	45	0	0	1.6420426419055085	1.6420426419055085	0.02865905055939734	0.0011067834463349407	7.612608173223869	6878.137	5676.9780285258585	120.16093417490805
25.994	ekf	6875.290688615682	139.90449921912548	139.90449921912548	0	0	0.21365484755350728	0.9769092107851619	0	0	0.5	17899.570316801277	16395.92739891197	-1224.4426053997265	617.4225596232537	0	261.0605879058488	0	1141.8535174390095	0	500	6878.137	0	45	0	0	1.6483840439365025	1.6483840439365025	0.028769728904030838	0.0011067834463349407	7.612608173223869	6878.137	5676.9780285258585	125.04532230277006
26.094	ekf	6875.268748259421	140.44256829097682	140.44256829097682	0	0	0.23800827012673142	0.9712631277626474	0	0	0.5	18693.173375089955	15486.148080037212	-1223.028105729676	629.6985196836376	0	229.87607651267098	0	1141.853535215429	0	500	6878.137	0	45	0	0	1.654725445967496	1.654725445967496	0.028880407248664332	0.0011067834463349407	7.612608173223869	6878.137	5676.9780285258585	134.34075777800282
26.194	ekf	6875.246723683208	140.98063564244944	140.98063564244944	0	0	0.2622129452795982	0.9650100369052121	0	0	0.5	19440.582732839288	14538.009340967916	-1221.6145467176852	640.400562683377	0	198.1169960269455	0	1141.8535529911535	0	500	6878.137	0	45	0	0	1.6610668479984898	1.6610668479984898	0.028991085593297827	0.0011067834463349407	7.612608173223869	6878.137	5676.9780285258585	146.53147148496143
26.294	ekf	6875.224614887315	141.51870126695212	141.51870126695212	0	0	0.28625374587813157	0.9581538461910687	0	0	0.5	20139.94696459125	13553.854333118441	-1220.2019287617763	649.5019391558155	0	165.86272754350273	0	1141.8535707662095	0	500	6878.137	0	45	0	0	1.6674082500294833	1.6674082500294833	0.029101763937931322	0.0011067834463349407	7.612608173223869	6878.137	5676.9780285258585	159.56364001265808
26.394	ekf	6875.20242187201	142.05676515789372	142.05676515789372	0	0	0.3101156472046172	0.9506988405162076	0	0	0.5	20789.533387060354	12536.115428672072	-1218.7902522598204	656.9799004636467	0	133.19388986595396	0	1141.8535885405922	0	500	6878.137	0	45	0	0	1.6737496520604773	1.6737496520604773	0.02921244228256482	0.0011067834463349407	7.612608173223869	6878.137	5676.9780285258585	171.96066433002142
26.494	ekf	6875.180144637565	142.59482730868316	142.59482730868316	0	0	0.33378373634756153	0.9426496790164741	0	0	0.5	21387.732351596012	11487.308208685212	-1217.3795176095382	662.8157556584904	0	100.19213800183717	0	1141.8536063142813	0	500	6878.137	0	45	0	0	1.6800910540914709	1.6800910540914709	0.029323120627198315	0.0011067834463349407	7.612608173223869	6878.137	5676.9780285258585	176.0414485786402
26.594	ekf	6875.157783184254	143.13288771272929	143.13288771272929	0	0	0.35724322152177596	0.9340113921557613	0	0	0.5	21933.06123253369	10410.025245044884	-1215.9697252084923	666.9949181982581	0	66.9399590679215	0	1141.8536240872897	0	500	6878.137	0	45	0	0	1.6864324561224646	1.6864324561224646	0.02943379897183181	0.0011067834463349407	7.612608173223869	6878.137	5676.9780285258585	162.7670860991437
26.694	ekf	6875.13533751235	143.6709463634411	143.6709463634411	0	0	0.3804794413127613	0.9247893785821338	0	0	0.5	22424.168101552652	9306.92969164898	-1214.5608754540822	669.5069424058613	0	33.520466115475294	0	1141.8536418596116	0	500	6878.137	0	45	0	0	1.6927738581534582	1.6927738581534582	0.029544477316465305	0.0011067834463349407	7.612608173223869	6878.137	5676.9780285258585	147.22234665215933
26.794	ekf	6875.112807622129	144.20900325422747	144.20900325422747	0	0	0.40347787383961425	0.914989401753848	0	0	0.5	22859.83507893498	8180.748700652194	-1213.1529687435682	670.3455495778035	0	0.01719039116810474	0	1141.8536596312624	0	500	6878.137	0	45	0	0	1.699115260184452	1.699115260184452	0.0296551556610988	0.0011067834463349407	7.612608173223869	6878.137	5676.9780285258585	129.93656236569154
25.894	ekf	6875.312544751721	139.36642843348656	139.36642843348656	0	0	0.18916789765619668	0.9819447573546766	0	0	0.5	17061.73913966237	17265.099157834895	-1225.8580453296286	603.6033659385241	0	291.5925852317679	0	1141.8534996619064	0	500	6878.137	0	45	0	0	1.6420426419055085	1.6420426419055085	0.02865905055939734	0.0011067834463349407	7.612608173223869	6878.137	5676.9780285258585	140.03494998416397
25.994	ekf	6875.290688615682	139.90449921912548	139.90449921912548	0	0	0.21365484755350728	0.9769092107851619	0	0	0.5	17899.570316801277	16395.92739891197	-1224.4426053997265	617.4225596232537	0	261.0605879058488	0	1141.8535174390095	0	500	6878.137	0	45	0	0	1.6483840439365025	1.6483840439365025	0.028769728904030838	0.0011067834463349407	7.612608173223869	6878.137	5676.9780285258585	123.20954994687193
26.094	ekf	6875.268748259421	140.44256829097682	140.44256829097682	0	0	0.23800827012673142	0.9712631277626474	0	0	0.5	18693.173375089955	15486.148080037212	-1223.028105729676	629.6985196836376	0	229.87607651267098	0	1141.853535215429	0	500	6878.137	0	45	0	0	1.654725445967496	1.654725445967496	0.028880407248664332	0.0011067834463349407	7.612608173223869	6878.137	5676.9780285258585	108.26464076482672
26.194	ekf	6875.246723683208	140.98063564244944	140.98063564244944	0	0	0.2622129452795982	0.9650100369052121	0	0	0.5	19440.582732839288	14538.009340967916	-1221.6145467176852	640.400562683377	0	198.1169960269455	0	1141.8535529911535	0	500	6878.137	0	45	0	0	1.6610668479984898	1.6610668479984898	0.028991085593297827	0.0011067834463349407	7.612608173223869	6878.137	5676.9780285258585	96.0344281515621
26.294	ekf	6875.224614887315	141.51870126695212	141.51870126695212	0	0	0.28625374587813157	0.9581538461910687	0	0	0.5	20139.94696459125	13553.854333118441	-1220.2019287617763	649.5019391558155	0	165.86272754350273	0	1141.8535707662095	0	500	6878.137	0	45	0	0	1.6674082500294833	1.6674082500294833	0.029101763937931322	0.0011067834463349407	7.612608173223869	6878.137	5676.9780285258585	88.35189358300732
26.394	ekf	6875.20242187201	142.05676515789372	142.05676515789372	0	0	0.3101156472046172	0.9506988405162076	0	0	0.5	20789.533387060354	12536.115428672072	-1218.7902522598204	656.9799004636467	0	133.19388986595396	0	1141.8535885405922	0	500	6878.137	0	45	0	0	1.6737496520604773	1.6737496520604773	0.02921244228256482	0.0011067834463349407	7.612608173223869	6878.137	5676.9780285258585	87.87977522566004
26.494	ekf	6875.180144637565	142.59482730868316	142.59482730868316	0	0	0.33378373634756153	0.9426496790164741	0	0	0.5	21387.732351596012	11487.308208685212	-1217.3795176095382	662.8157556584904	0	100.19213800183717	0	1141.8536063142813	0	500	6878.137	0	45	0	0	1.6800910540914709	1.6800910540914709	0.029323120627198315	0.0011067834463349407	7.612608173223869	6878.137	5676.9780285258585	96.29966865040649
26.594	ekf	6875.157783184254	143.13288771272929	143.13288771272929	0	0	0.35724322152177596	0.9340113921557613	0	0	0.5	21933.06123253369	10410.025245044884	-1215.9697252084923	666.9949181982581	0	66.9399590679215	0	1141.8536240872897	0	500	6878.137	0	45	0	0	1.6864324561224646	1.6864324561224646	0.02943379897183181	0.0011067834463349407	7.612608173223869	6878.137	5676.9780285258585	112.29138043325858
26.694	ekf	6875.13533751235	143.6709463634411	143.6709463634411	0	0	0.3804794413127613	0.9247893785821338	0	0	0.5	22424.168101552652	9306.92969164898	-1214.5608754540822	669.5069424058613	0	33.520466115475294	0	1141.8536418596116	0	500	6878.137	0	45	0	0	1.6927738581534582	1.6927738581534582	0.029544477316465305	0.0011067834463349407	7.612608173223869	6878.137	5676.9780285258585	132.2348182898991
26.794	ekf	6875.112807622129	144.20900325422747	144.20900325422747	0	0	0.40347787383961425	0.914989401753848	0	0	0.5	22859.83507893498	8180.748700652194	-1213.1529687435682	670.3455495778035	0	0.01719039116810474	0	1141.8536596312624	0	500	6878.137	0	45	0	0	1.699115260184452	1.699115260184452	0.0296551556610988	0.0011067834463349407	7.612608173223869	6878.137	5676.9780285258585	152.10379168371622
25.894	ekf	6875.312544751721	139.36642843348656	139.36642843348656	0	0	0.18916789765619668	0.9819447573546766	0	0	0.5	17061.73913966237	17265.099157834895	-1225.8580453296286	603.6033659385241	0	291.5925852317679	0	1141.8534996619064	0	500	6878.137	0	45	0	0	1.6420426419055085	1.6420426419055085	0.02865905055939734	0.0011067834463349407	7.612608173223869	6878.137	5676.9780285258585	167.9876952830552
25.994	ekf	6875.290688615682	139.90449921912548	139.90449921912548	0	0	0.21365484755350728	0.9769092107851619	0	0	0.5	17899.570316801277	16395.92739891197	-1224.4426053997265	617.4225596232537	0	261.0605879058488	0	1141.8535174390095	0	500	6878.137	0	45	0	0	1.6483840439365025	1.6483840439365025	0.028769728904030838	0.0011067834463349407	7.612608173223869	6878.137	5676.9780285258585	178.61173840229876
26.094	ekf	6875.268748259421	140.44256829097682	140.44256829097682	0	0	0.23800827012673142	0.9712631277626474	0	0	0.5	18693.173375089955	15486.148080037212	-1223.028105729676	629.6985196836376	0	229.87607651267098	0	1141.853535215429	0	500	6878.137	0	45	0	0	1.654725445967496	1.654725445967496	0.028880407248664332	0.0011067834463349407	7.612608173223869	6878.137	5676.9780285258585	165.8205708711503
26.194	ekf	6875.246723683208	140.98063564244944	140.98063564244944	0	0	0.2622129452795982	0.9650100369052121	0	0	0.5	19440.582732839288	14538.009340967916	-1221.6145467176852	640.400562683377	0	198.1169960269455	0	1141.8535529911535	0	500	6878.137	0	45	0	0	1.6610668479984898	1.6610668479984898	0.028991085593297827	0.0011067834463349407	7.612608173223869	6878.137	5676.9780285258585	152.58870944622606
26.294	ekf	6875.224614887315	141.51870126695212	141.51870126695212	0	0	0.28625374587813157	0.9581538461910687	0	0	0.5	20139.94696459125	13553.854333118441	-1220.2019287617763	649.5019391558155	0	165.86272754350273	0	1141.8535707662095	0	500	6878.137	0	45	0	0	1.6674082500294833	1.6674082500294833	0.029101763937931322	0.0011067834463349407	7.612608173223869	6878.137	5676.9780285258585	138.46618344329087
26.394	ekf	6875.20242187201	142.05676515789372	142.05676515789372	0	0	0.3101156472046172	0.9506988405162076	0	0	0.5	20789.533387060354	12536.115428672072	-1218.7902522598204	656.9799004636467	0	133.19388986595396	0	1141.8535885405922	0	500	6878.137	0	45	0	0	1.6737496520604773	1.6737496520604773	0.02921244228256482	0.0011067834463349407	7.612608173223869	6878.137	5676.9780285258585	123.67831318829236
26.494	ekf	6875.180144637565	142.59482730868316	142.59482730868316	0	0	0.33378373634756153	0.9426496790164741	0	0	0.5	21387.732351596012	11487.308208685212	-1217.3795176095382	662.8157556584904	0	100.19213800183717	0	1141.8536063142813	0	500	6878.137	0	45	0	0	1.6800910540914709	1.6800910540914709	0.029323120627198315	0.0011067834463349407	7.612608173223869	6878.137	5676.9780285258585	108.647225168964
26.594	ekf	6875.157783184254	143.13288771272929	143.13288771272929	0	0	0.35724322152177596	0.9340113921557613	0	0	0.5	21933.06123253369	10410.025245044884	-1215.9697252084923	666.9949181982581	0	66.9399590679215	0	1141.8536240872897	0	500	6878.137	0	45	0	0	1.6864324561224646	1.6864324561224646	0.02943379897183181	0.0011067834463349407	7.612608173223869	6878.137	5676.9780285258585	93.82194810802898
26.694	ekf	6875.13533751235	143.6709463634411	143.6709463634411	0	0	0.3804794413127613	0.9247893785821338	0	0	0.5	22424.168101552652	9306.92969164898	-1214.5608754540822	669.5069424058613	0	33.520466115475294	0	1141.8536418596116	0	500	6878.137	0	45	0	0	1.6927738581534582	1.6927738581534582	0.029544477316465305	0.0011067834463349407	7.612608173223869	6878.137	5676.9780285258585	79.92781376755704
26.794	ekf	6875.112807622129	144.20900325422747	144.20900325422747	0	0	0.40347787383961425	0.914989401753848	0	0	0.5	22859.83507893498	8180.748700652194	-1213.1529687435682	670.3455495778035	0	0.01719039116810474	0	1141.8536596312624	0	500	6878.137	0	45	0	0	1.699115260184452	1.699115260184452	0.0296551556610988	0.0011067834463349407	7.612608173223869	6878.137	5676.9780285258585	68.71176644196719
25.894	ekf	6875.312544751721	139.36642843348656	139.36642843348656	0	0	0.18916789765619668	0.9819447573546766	0	0	0.5	17061.73913966237	17265.099157834895	-1225.8580453296286	603.6033659385241	0	291.5925852317679	0	1141.8534996619064	0	500	6878.137	0	45	0	0	1.6420426419055085	1.6420426419055085	0.02865905055939734	0.0011067834463349407	7.612608173223869	6878.137	5676.9780285258585	98.24681654306762
25.994	ekf	6875.290688615682	139.90449921912548	139.90449921912548	0	0	0.21365484755350728	0.9769092107851619	0	0	0.5	17899.570316801277	16395.92739891197	-1224.4426053997265	617.4225596232537	0	261.0605879058488	0	1141.8535174390095	0	500	6878.137	0	45	0	0	1.6483840439365025	1.6483840439365025	0.028769728904030838	0.0011067834463349407	7.612608173223869	6878.137	5676.9780285258585	97.28612176927257
26.094	ekf	6875.268748259421	140.44256829097682	140.44256829097682	0	0	0.23800827012673142	0.9712631277626474	0	0	0.5	18693.173375089955	15486.148080037212	-1223.028105729676	629.6985196836376	0	229.87607651267098	0	1141.853535215429	0	500	6878.137	0	45	0	0	1.654725445967496	1.654725445967496	0.028880407248664332	0.0011067834463349407	7.612608173223869	6878.137	5676.9780285258585	102.62866922589424
26.194	ekf	6875.246723683208	140.98063564244944	140.98063564244944	0	0	0.2622129452795982	0.9650100369052121	0	0	0.5	19440.582732839288	14538.009340967916	-1221.6145467176852	640.400562683377	0	198.1169960269455	0	1141.8535529911535	0	500	6878.137	0	45	0	0	1.6610668479984898	1.6610668479984898	0.028991085593297827	0.0011067834463349407	7.612608173223869	6878.137	5676.9780285258585	113.88199719519535
26.294	ekf	6875.224614887315	141.51870126695212	141.51870126695212	0	0	0.28625374587813157	0.9581538461910687	0	0	0.5	20139.94696459125	13553.854333118441	-1220.2019287617763	649.5019391558155	0	165.86272754350273	0	1141.8535707662095	0	500	6878.137	0	45	0	0	1.6674082500294833	1.6674082500294833	0.029101763937931322	0.0011067834463349407	7.612608173223869	6878.137	5676.9780285258585	129.27257957546544
26.394	ekf	6875.20242187201	142.05676515789372	142.05676515789372	0	0	0.3101156472046172	0.9506988405162076	0	0	0.5	20789.533387060354	12536.115428672072	-1218.7902522598204	656.9799004636467	0	133.19388986595396	0	1141.8535885405922	0	500	6878.137	0	45	0	0	1.6737496520604773	1.6737496520604773	0.02921244228256482	0.0011067834463349407	7.612608173223869	6878.137	5676.9780285258585	146.15538580358643
26.494	ekf	6875.180144637565	142.59482730868316	142.59482730868316	0	0	0.33378373634756153	0.9426496790164741	0	0	0.5	21387.732351596012	11487.308208685212	-1217.3795176095382	662.8157556584904	0	100.19213800183717	0	1141.8536063142813	0	500	6878.137	0	45	0	0	1.6800910540914709	1.6800910540914709	0.029323120627198315	0.0011067834463349407	7.612608173223869	6878.137	5676.9780285258585	161.8974432622898
26.594	ekf	6875.157783184254	143.13288771272929	143.13288771272929	0	0	0.35724322152177596	0.9340113921557613	0	0	0.5	21933.06123253369	10410.025245044884	-1215.9697252084923	666.9949181982581	0	66.9399590679215	0	1141.8536240872897	0	500	6878.137	0	45	0	0	1.6864324561224646	1.6864324561224646	0.02943379897183181	0.0011067834463349407	7.612608173223869	6878.137	5676.9780285258585	175.26477945963674
26.694	ekf	6875.13533751235	143.6709463634411	143.6709463634411	0	0	0.3804794413127613	0.9247893785821338	0	0	0.5	22424.168101552652	9306.92969164898	-1214.5608754540822	669.5069424058613	0	33.520466115475294	0	1141.8536418596116	0	500	6878.137	0	45	0	0	1.6927738581534582	1.6927738581534582	0.029544477316465305	0.0011067834463349407	7.612608173223869	6878.137	5676.9780285258585	172.80753493688385
26.794	ekf	6875.112807622129	144.20900325422747	144.20900325422747	0	0	0.40347787383961425	0.914989401753848	0	0	0.5	22859.83507893498	8180.748700652194	-1213.1529687435682	670.3455495778035	0	0.01719039116810474	0	1141.8536596312624	0	500	6878.137	0	45	0	0	1.699115260184452	1.699115260184452	0.0296551556610988	0.0011067834463349407	7.612608173223869	6878.137	5676.9780285258585	160.32692696543594
25.894	ekf	6875.312544751721	139.36642843348656	139.36642843348656	0	0	0.18916789765619668	0.9819447573546766	0	0	0.5	17061.73913966237	17265.099157834895	-1225.8580453296286	603.6033659385241	0	291.5925852317679	0	1141.8534996619064	0	500	6878.137	0	45	0	0	1.6420426419055085	1.6420426419055085	0.02865905055939734	0.0011067834463349407	7.612608173223869	6878.137	5676.9780285258585	159.148449390603
25.994	ekf	6875.290688615682	139.90449921912548	139.90449921912548	0	0	0.21365484755350728	0.9769092107851619	0	0	0.5	17899.570316801277	16395.92739891197	-1224.4426053997265	617.4225596232537	0	261.0605879058488	0	1141.8535174390095	0	500	6878.137	0	45	0	0	1.6483840439365025	1.6483840439365025	0.028769728904030838	0.0011067834463349407	7.612608173223869	6878.137	5676.9780285258585	144.17814875801483
26.094	ekf	6875.268748259421	140.44256829097682	140.44256829097682	0	0	0.23800827012673142	0.9712631277626474	0	0	0.5	18693.173375089955	15486.148080037212	-1223.028105729676	629.6985196836376	0	229.87607651267098	0	1141.853535215429	0	500	6878.137	0	45	0	0	1.654725445967496	1.654725445967496	0.028880407248664332	0.0011067834463349407	7.612608173223869	6878.137	5676.9780285258585	129.8166617323309
26.194	ekf	6875.246723683208	140.98063564244944	140.98063564244944	0	0	0.2622129452795982	0.9650100369052121	0	0	0.5	19440.582732839288	14538.009340967916	-1221.6145467176852	640.400562683377	0	198.1169960269455	0	1141.8535529911535	0	500	6878.137	0	45	0	0	1.6610668479984898	1.6610668479984898	0.028991085593297827	0.0011067834463349407	7.612608173223869	6878.137	5676.9780285258585	116.14134059271042
26.294	ekf	6875.224614887315	141.51870126695212	141.51870126695212	0	0	0.28625374587813157	0.9581538461910687	0	0	0.5	20139.94696459125	13553.854333118441	-1220.2019287617763	649.5019391558155	0	165.86272754350273	0	1141.8535707662095	0	500	6878.137	0	45	0	0	1.6674082500294833	1.6674082500294833	0.029101763937931322	0.0011067834463349407	7.612608173223869	6878.137	5676.9780285258585	103.47274765068748
26.394	ekf	6875.20242187201	142.05676515789372	142.05676515789372	0	0	0.3101156472046172	0.9506988405162076	0	0	0.5	20789.533387060354	12536.115428672072	-1218.7902522598204	656.9799004636467	0	133.19388986595396	0	1141.8535885405922	0	500	6878.137	0	45	0	0	1.6737496520604773	1.6737496520604773	0.02921244228256482	0.0011067834463349407	7.612608173223869	6878.137	5676.9780285258585	92.45534869438433
26.494	ekf	6875.180144637565	142.59482730868316	142.59482730868316	0	0	0.33378373634756153	0.9426496790164741	0	0	0.5	21387.732351596012	11487.308208685212	-1217.3795176095382	662.8157556584904	0	100.19213800183717	0	1141.8536063142813	0	500	6878.137	0	45	0	0	1.6800910540914709	1.6800910540914709	0.029323120627198315	0.0011067834463349407	7.612608173223869	6878.137	5676.9780285258585	84.3153156269598
26.594	ekf	6875.157783184254	143.13288771272929	143.13288771272929	0	0	0.35724322152177596	0.9340113921557613	0	0	0.5	21933.06123253369	10410.025245044884	-1215.9697252084923	666.9949181982581	0	66.9399590679215	0	1141.8536240872897	0	500	6878.137	0	45	0	0	1.6864324561224646	1.6864324561224646	0.02943379897183181	0.0011067834463349407	7.612608173223869	6878.137	5676.9780285258585	81.0145656482248
26.694	ekf	6875.13533751235	143.6709463634411	143.6709463634411	0	0	0.3804794413127613	0.9247893785821338	0	0	0.5	22424.168101552652	9306.92969164898	-1214.5608754540822	669.5069424058613	0	33.520466115475294	0	1141.8536418596116	0	500	6878.137	0	45	0	0	1.6927738581534582	1.6927738581534582	0.029544477316465305	0.0011067834463349407	7.612608173223869	6878.137	5676.9780285258585	84.59164018873071
25.894	ekf	6875.312544751721	139.36642843348656	139.36642843348656	0	0	0.18916789765619677	0.9819447573546767	0	0	0.5	17061.73913966238	17265.099157834895	-1225.8580453296288	603.6033659385243	0	291.5925852317679	0	1141.8534996619069	0	500	6878.137	0	45	0	0	1.6420426419055085	1.6420426419055085	0.02865905055939734	0.0011067834463349407	7.612608173223869	6878.137	5676.9780285258585	116.13501046483172
25.994	ekf	6875.290688615682	139.90449921912548	139.90449921912548	0	0	0.2136548475535073	0.9769092107851618	0	0	0.5	17899.570316801277	16395.92739891196	-1224.4426053997263	617.4225596232536	0	261.06058790584865	0	1141.8535174390092	0	500	6878.137	0	45	0	0	1.6483840439365025	1.6483840439365025	0.028769728904030838	0.0011067834463349407	7.612608173223869	6878.137	5676.9780285258585	123.03256277592403
26.094	ekf	6875.268748259421	140.44256829097682	140.44256829097682	0	0	0.2380082701267315	0.9712631277626476	0	0	0.5	18693.17337508996	15486.148080037214	-1223.0281057296763	629.6985196836379	0	229.87607651267098	0	1141.8535352154292	0	500	6878.137	0	45	0	0	1.654725445967496	1.654725445967496	0.028880407248664332	0.0011067834463349407	7.612608173223869	6878.137	5676.9780285258585	133.24174072891057
26.194	ekf	6875.246723683208	140.98063564244944	140.98063564244944	0	0	0.26221294527959826	0.965010036905212	0	0	0.5	19440.582732839284	14538.009340967908	-1221.6145467176852	640.4005626833768	0	198.11699602694534	0	1141.853552991153	0	500	6878.137	0	45	0	0	1.6610668479984898	1.6610668479984898	0.028991085593297827	0.0011067834463349407	7.612608173223869	6878.137	5676.9780285258585	145.41237114745692
26.294	ekf	6875.224614887315	141.51870126695212	141.51870126695212	0	0	0.2862537458781317	0.9581538461910688	0	0	0.5	20139.94696459126	13553.854333118441	-1220.2019287617768	649.5019391558158	0	165.86272754350264	0	1141.8535707662095	0	500	6878.137	0	45	0	0	1.6674082500294833	1.6674082500294833	0.029101763937931322	0.0011067834463349407	7.612608173223869	6878.137	5676.9780285258585	157.86216958637297
26.394	ekf	6875.20242187201	142.05676515789372	142.05676515789372	0	0	0.31011564720461726	0.9506988405162075	0	0	0.5	20789.533387060354	12536.115428672067	-1218.79025225982	656.9799004636465	0	133.19388986595376	0	1141.853588540592	0	500	6878.137	0	45	0	0	1.6737496520604773	1.6737496520604773	0.02921244228256482	0.0011067834463349407	7.612608173223869	6878.137	5676.9780285258585	169.31988212760947
26.494	ekf	6875.180144637565	142.59482730868316	142.59482730868316	0	0	0.3337837363475616	0.942649679016474	0	0	0.5	21387.73235159601	11487.308208685208	-1217.3795176095382	662.8157556584903	0	100.19213800183712	0	1141.8536063142813	0	500	6878.137	0	45	0	0	1.6800910540914709	1.6800910540914709	0.029323120627198315	0.0011067834463349407	7.612608173223869	6878.137	5676.9780285258585	179.73171379881288
26.594	ekf	6875.157783184254	143.13288771272929	143.13288771272929	0	0	0.357243221521776	0.9340113921557612	0	0	0.5	21933.061232533688	10410.02524504488	-1215.9697252084918	666.994918198258	0	66.93995906792132	0	1141.8536240872895	0	500	6878.137	0	45	0	0	1.6864324561224646	1.6864324561224646	0.02943379897183181	0.0011067834463349407	7.612608173223869	6878.137	5676.9780285258585	169.70437246510735
26.694	ekf	6875.13533751235	143.6709463634411	143.6709463634411	0	0	0.38047944131276135	0.9247893785821337	0	0	0.5	22424.168101552652	9306.929691648978	-1214.560875454082	669.5069424058612	0	33.52046611547515	0	1141.8536418596113	0	500	6878.137	0	45	0	0	1.6927738581534582	1.6927738581534582	0.029544477316465305	0.0011067834463349407	7.612608173223869	6878.137	5676.9780285258585	157.604232949564
26.794	ekf	6875.112807622129	144.20900325422747	144.20900325422747	0	0	0.4034778738396143	0.9149894017538479	0	0	0.5	22859.83507893498	8180.748700652187	-1213.152968743568	670.3455495778034	0	0.017190391167920985	0	1141.8536596312622	0	500	6878.137	0	45	0	0	1.699115260184452	1.699115260184452	0.0296551556610988	0.0011067834463349407	7.612608173223869	6878.137	5676.9780285258585	143.54150509677996
25.894	ekf	6875.312544751721	139.36642843348656	139.36642843348656	0	0	0.18916789765619682	0.9819447573546767	0	0	0.5	17061.73913966238	17265.099157834895	-1225.8580453296288	603.6033659385243	0	291.5925852317679	0	1141.8534996619069	0	500	6878.137	0	45	0	0	1.6420426419055085	1.6420426419055085	0.02865905055939734	0.0011067834463349407	7.612608173223869	6878.137	5676.9780285258585	148.98587948841813
25.994	ekf	6875.290688615682	139.90449921912548	139.90449921912548	0	0	0.21365484755350736	0.9769092107851618	0	0	0.5	17899.57031680128	16395.927398911957	-1224.4426053997263	617.4225596232536	0	261.0605879058486	0	1141.8535174390092	0	500	6878.137	0	45	0	0	1.6483840439365025	1.6483840439365025	0.028769728904030838	0.0011067834463349407	7.612608173223869	6878.137	5676.9780285258585	134.12667228241563
26.094	ekf	6875.268748259421	140.44256829097682	140.44256829097682	0	0	0.23800827012673156	0.9712631277626476	0	0	0.5	18693.17337508996	15486.148080037212	-1223.0281057296763	629.698519683638	0	229.87607651267092	0	1141.8535352154295	0	500	6878.137	0	45	0	0	1.654725445967496	1.654725445967496	0.028880407248664332	0.0011067834463349407	7.612608173223869	6878.137	5676.9780285258585	120.60936894127659
26.194	ekf	6875.246723683208	140.98063564244944	140.98063564244944	0	0	0.2622129452795983	0.965010036905212	0	0	0.5	19440.582732839288	14538.009340967907	-1221.6145467176852	640.4005626833768	0	198.11699602694526	0	1141.853552991153	0	500	6878.137	0	45	0	0	1.6610668479984898	1.6610668479984898	0.028991085593297827	0.0011067834463349407	7.612608173223869	6878.137	5676.9780285258585	108.76543876436895
26.294	ekf	6875.224614887315	141.51870126695212	141.51870126695212	0	0	0.28625374587813174	0.9581538461910688	0	0	0.5	20139.94696459126	13553.854333118437	-1220.2019287617768	649.5019391558159	0	165.86272754350264	0	1141.8535707662097	0	500	6878.137	0	45	0	0	1.6674082500294833	1.6674082500294833	0.029101763937931322	0.0011067834463349407	7.612608173223869	6878.137	5676.9780285258585	99.32672014861554
26.394	ekf	6875.20242187201	142.05676515789372	142.05676515789372	0	0	0.3101156472046173	0.9506988405162075	0	0	0.5	20789.533387060354	12536.115428672067	-1218.79025225982	656.9799004636465	0	133.19388986595374	0	1141.853588540592	0	500	6878.137	0	45	0	0	1.6737496520604773	1.6737496520604773	0.02921244228256482	0.0011067834463349407	7.612608173223869	6878.137	5676.9780285258585	93.55042666995567
26.494	ekf	6875.180144637565	142.59482730868316	142.59482730868316	0	0	0.33378373634756164	0.942649679016474	0	0	0.5	21387.732351596012	11487.308208685206	-1217.3795176095382	662.8157556584904	0	100.19213800183705	0	1141.8536063142813	0	500	6878.137	0	45	0	0	1.6800910540914709	1.6800910540914709	0.029323120627198315	0.0011067834463349407	7.612608173223869	6878.137	5676.9780285258585	93.02392430313357
26.594	ekf	6875.157783184254	143.13288771272929	143.13288771272929	0	0	0.35724322152177607	0.9340113921557612	0	0	0.5	21933.06123253369	10410.025245044879	-1215.9697252084918	666.994918198258	0	66.93995906792128	0	1141.8536240872895	0	500	6878.137	0	45	0	0	1.6864324561224646	1.6864324561224646	0.02943379897183181	0.0011067834463349407	7.612608173223869	6878.137	5676.9780285258585	98.81355175667039
26.694	ekf	6875.13533751235	143.6709463634411	143.6709463634411	0	0	0.3804794413127614	0.9247893785821337	0	0	0.5	22424.168101552652	9306.929691648973	-1214.560875454082	669.5069424058613	0	33.52046611547512	0	1141.8536418596113	0	500	6878.137	0	45	0	0	1.6927738581534582	1.6927738581534582	0.029544477316465305	0.0011067834463349407	7.612608173223869	6878.137	5676.9780285258585	110.48343532640854
26.794	ekf	6875.112807622129	144.20900325422747	144.20900325422747	0	0	0.40347787383961436	0.9149894017538478	0	0	0.5	22859.835078934975	8180.748700652184	-1213.1529687435677	670.3455495778034	0	0.017190391167773985	0	1141.8536596312622	0	500	6878.137	0	45	0	0	1.699115260184452	1.699115260184452	0.0296551556610988	0.0011067834463349407	7.612608173223869	6878.137	5676.9780285258585	126.05837987897857
25.894	ekf	6875.312544751721	139.36642843348656	139.36642843348656	0	0	0.18916789765619688	0.9819447573546766	0	0	0.5	17061.73913966238	17265.09915783489	-1225.8580453296286	603.6033659385243	0	291.5925852317676	0	1141.8534996619067	0	500	6878.137	0	45	0	0	1.6420426419055085	1.6420426419055085	0.02865905055939734	0.0011067834463349407	7.612608173223869	6878.137	5676.9780285258585	153.40457025241966
25.994	ekf	6875.290688615682	139.90449921912548	139.90449921912548	0	0	0.21365484755350742	0.9769092107851617	0	0	0.5	17899.570316801277	16395.927398911954	-1224.442605399726	617.4225596232535	0	261.06058790584837	0	1141.853517439009	0	500	6878.137	0	45	0	0	1.6483840439365025	1.6483840439365025	0.028769728904030838	0.0011067834463349407	7.612608173223869	6878.137	5676.9780285258585	162.42279565824722
26.094	ekf	6875.268748259421	140.44256829097682	140.44256829097682	0	0	0.23800827012673162	0.9712631277626474	0	0	0.5	18693.173375089962	15486.148080037208	-1223.028105729676	629.6985196836378	0	229.87607651267066	0	1141.853535215429	0	500	6878.137	0	45	0	0	1.654725445967496	1.654725445967496	0.028880407248664332	0.0011067834463349407	7.612608173223869	6878.137	5676.9780285258585	171.40945853289668
26.194	ekf	6875.246723683208	140.98063564244944	140.98063564244944	0	0	0.2622129452795984	0.9650100369052119	0	0	0.5	19440.582732839284	14538.0093409679	-1221.6145467176848	640.4005626833767	0	198.1169960269452	0	1141.853552991153	0	500	6878.137	0	45	0	0	1.6610668479984898	1.6610668479984898	0.028991085593297827	0.0011067834463349407	7.612608173223869	6878.137	5676.9780285258585	179.78911667572143
26.294	ekf	6875.224614887315	141.51870126695212	141.51870126695212	0	0	0.2862537458781318	0.9581538461910687	0	0	0.5	20139.94696459126	13553.85433311843	-1220.2019287617766	649.5019391558158	0	165.86272754350242	0	1141.8535707662095	0	500	6878.137	0	45	0	0	1.6674082500294833	1.6674082500294833	0.029101763937931322	0.0011067834463349407	7.612608173223869	6878.137	5676.9780285258585	170.5400102931342
26.394	ekf	6875.20242187201	142.05676515789372	142.05676515789372	0	0	0.31011564720461743	0.9506988405162076	0	0	0.5	20789.533387060364	12536.115428672067	-1218.7902522598204	656.9799004636467	0	133.19388986595365	0	1141.8535885405922	0	500	6878.137	0	45	0	0	1.6737496520604773	1.6737496520604773	0.02921244228256482	0.0011067834463349407	7.612608173223869	6878.137	5676.9780285258585	159.9202925114906
26.494	ekf	6875.180144637565	142.59482730868316	142.59482730868316	0	0	0.33378373634756175	0.9426496790164741	0	0	0.5	21387.73235159602	11487.308208685205	-1217.3795176095384	662.8157556584906	0	100.19213800183694	0	1141.8536063142815	0	500	6878.137	0	45	0	0	1.6800910540914709	1.6800910540914709	0.029323120627198315	0.0011067834463349407	7.612608173223869	6878.137	5676.9780285258585	147.59474915027272
26.594	ekf	6875.157783184254	143.13288771272929	143.13288771272929	0	0	0.3572432215217762	0.9340113921557613	0	0	0.5	21933.0612325337	10410.025245044875	-1215.9697252084925	666.9949181982581	0	66.93995906792121	0	1141.8536240872897	0	500	6878.137	0	45	0	0	1.6864324561224646	1.6864324561224646	0.02943379897183181	0.0011067834463349407	7.612608173223869	6878.137	5676.9780285258585	134.00388789493243
26.694	ekf	6875.13533751235	143.6709463634411	143.6709463634411	0	0	0.3804794413127615	0.9247893785821338	0	0	0.5	22424.16810155266	9306.929691648973	-1214.5608754540824	669.5069424058613	0	33.52046611547504	0	1141.8536418596118	0	500	6878.137	0	45	0	0	1.6927738581534582	1.6927738581534582	0.029544477316465305	0.0011067834463349407	7.612608173223869	6878.137	5676.9780285258585	119.87620689181324
26.794	ekf	6875.112807622129	144.20900325422747	144.20900325422747	0	0	0.4034778738396144	0.9149894017538478	0	0	0.5	22859.83507893498	8180.748700652183	-1213.152968743568	670.3455495778034	0	0.017190391167737233	0	1141.8536596312622	0	500	6878.137	0	45	0	0	1.699115260184452	1.699115260184452	0.0296551556610988	0.0011067834463349407	7.612608173223869	6878.137	5676.9780285258585	105.8849078752898
25.894	ekf	6875.312544751721	139.36642843348656	139.36642843348656	0	0	0.18916789765619693	0.9819447573546766	0	0	0.5	17061.739139662383	17265.09915783489	-1225.8580453296286	603.6033659385243	0	291.59258523176754	0	1141.8534996619067	0	500	6878.137	0	45	0	0	1.6420426419055085	1.6420426419055085	0.02865905055939734	0.0011067834463349407	7.612608173223869	6878.137	5676.9780285258585	126.06247898719107
25.994	ekf	6875.290688615682	139.90449921912548	139.90449921912548	0	0	0.21365484755350747	0.9769092107851617	0	0	0.5	17899.57031680128	16395.927398911954	-1224.442605399726	617.4225596232535	0	261.06058790584837	0	1141.853517439009	0	500	6878.137	0	45	0	0	1.6483840439365025	1.6483840439365025	0.028769728904030838	0.0011067834463349407	7.612608173223869	6878.137	5676.9780285258585	115.634832186865
26.094	ekf	6875.268748259421	140.44256829097682	140.44256829097682	0	0	0.23800827012673167	0.9712631277626474	0	0	0.5	18693.173375089962	15486.148080037203	-1223.028105729676	629.6985196836379	0	229.87607651267064	0	1141.853535215429	0	500	6878.137	0	45	0	0	1.654725445967496	1.654725445967496	0.028880407248664332	0.0011067834463349407	7.612608173223869	6878.137	5676.9780285258585	108.44256318011587
26.194	ekf	6875.246723683208	140.98063564244944	140.98063564244944	0	0	0.26221294527959843	0.9650100369052119	0	0	0.5	19440.58273283929	14538.009340967898	-1221.614546717685	640.4005626833767	0	198.11699602694515	0	1141.853552991153	0	500	6878.137	0	45	0	0	1.6610668479984898	1.6610668479984898	0.028991085593297827	0.0011067834463349407	7.612608173223869	6878.137	5676.9780285258585	105.50816306619065
26.294	ekf	6875.224614887315	141.51870126695212	141.51870126695212	0	0	0.28625374587813185	0.9581538461910687	0	0	0.5	20139.94696459126	13553.85433311843	-1220.2019287617766	649.5019391558158	0	165.8627275435024	0	1141.8535707662095	0	500	6878.137	0	45	0	0	1.6674082500294833	1.6674082500294833	0.029101763937931322	0.0011067834463349407	7.612608173223869	6878.137	5676.9780285258585	107.68782071579108
26.394	ekf	6875.20242187201	142.05676515789372	142.05676515789372	0	0	0.3101156472046175	0.9506988405162076	0	0	0.5	20789.533387060364	12536.115428672063	-1218.7902522598206	656.9799004636467	0	133.19388986595362	0	1141.8535885405922	0	500	6878.137	0	45	0	0	1.6737496520604773	1.6737496520604773	0.02921244228256482	0.0011067834463349407	7.612608173223869	6878.137	5676.9780285258585	115.07993884128174
26.494	ekf	6875.180144637565	142.59482730868316	142.59482730868316	0	0	0.3337837363475617	0.9426496790164739	0	0	0.5	21387.732351596012	11487.308208685201	-1217.3795176095377	662.8157556584903	0	100.19213800183687	0	1141.853606314281	0	500	6878.137	0	45	0	0	1.6800910540914709	1.6800910540914709	0.029323120627198315	0.0011067834463349407	7.612608173223869	6878.137	5676.9780285258585	126.71383837685887
26.594	ekf	6875.157783184254	143.13288771272929	143.13288771272929	0	0	0.35724322152177623	0.9340113921557613	0	0	0.5	21933.0612325337	10410.025245044875	-1215.9697252084925	666.9949181982581	0	66.93995906792118	0	1141.8536240872897	0	500	6878.137	0	45	0	0	1.6864324561224646	1.6864324561224646	0.02943379897183181	0.0011067834463349407	7.612608173223869	6878.137	5676.9780285258585	140.73479599824944
26.694	ekf	6875.13533751235	143.6709463634411	143.6709463634411	0	0	0.38047944131276157	0.9247893785821338	0	0	0.5	22424.168101552663	9306.92969164897	-1214.5608754540826	669.5069424058615	0	33.52046611547497	0	1141.8536418596118	0	500	6878.137	0	45	0	0	1.6927738581534582	1.6927738581534582	0.029544477316465305	0.0011067834463349407	7.612608173223869	6878.137	5676.9780285258585	155.00380141137703
26.794	ekf	6875.112807622129	144.20900325422747	144.20900325422747	0	0	0.40347787383961453	0.9149894017538479	0	0	0.5	22859.835078934986	8180.748700652182	-1213.1529687435682	670.3455495778035	0	0.017190391167663733	0	1141.8536596312624	0	500	6878.137	0	45	0	0	1.699115260184452	1.699115260184452	0.0296551556610988	0.0011067834463349407	7.612608173223869	6878.137	5676.9780285258585	168.0715557804063
25.894	ekf	6875.312544751721	139.36642843348656	139.36642843348656	0	0	0.18916789765619704	0.9819447573546767	0	0	0.5	17061.73913966239	17265.099157834884	-1225.858045329629	603.6033659385246	0	291.5925852317676	0	1141.8534996619069	0	500	6878.137	0	45	0	0	1.6420426419055085	1.6420426419055085	0.02865905055939734	0.0011067834463349407	7.612608173223869	6878.137	5676.9780285258585	179.0811653784037
25.994	ekf	6875.290688615682	139.90449921912548	139.90449921912548	0	0	0.21365484755350758	0.9769092107851618	0	0	0.5	17899.57031680129	16395.927398911954	-1224.4426053997263	617.4225596232538	0	261.0605879058483	0	1141.8535174390092	0	500	6878.137	0	45	0	0	1.6483840439365025	1.6483840439365025	0.028769728904030838	0.0011067834463349407	7.612608173223869	6878.137	5676.9780285258585	171.1011260251619
26.094	ekf	6875.268748259421	140.44256829097682	140.44256829097682	0	0	0.23800827012673173	0.9712631277626473	0	0	0.5	18693.173375089962	15486.1480800372	-1223.028105729676	629.6985196836378	0	229.87607651267064	0	1141.853535215429	0	500	6878.137	0	45	0	0	1.654725445967496	1.654725445967496	0.028880407248664332	0.0011067834463349407	7.612608173223869	6878.137	5676.9780285258585	160.69878330482078
26.194	ekf	6875.246723683208	140.98063564244944	140.98063564244944	0	0	0.26221294527959854	0.965010036905212	0	0	0.5	19440.582732839295	14538.009340967903	-1221.6145467176855	640.400562683377	0	198.11699602694497	0	1141.8535529911533	0	500	6878.137	0	45	0	0	1.6610668479984898	1.6610668479984898	0.028991085593297827	0.0011067834463349407	7.612608173223869	6878.137	5676.9780285258585	149.42470666288722
26.294	ekf	6875.224614887315	141.51870126695212	141.51870126695212	0	0	0.2862537458781319	0.9581538461910686	0	0	0.5	20139.94696459126	13553.854333118421	-1220.2019287617763	649.5019391558158	0	165.86272754350216	0	1141.8535707662093	0	500	6878.137	0	45	0	0	1.6674082500294833	1.6674082500294833	0.029101763937931322	0.0011067834463349407	7.612608173223869	6878.137	5676.9780285258585	137.5086881727878
26.394	ekf	6875.20242187201	142.05676515789372	142.05676515789372	0	0	0.31011564720461754	0.9506988405162075	0	0	0.5	20789.53338706036	12536.11542867206	-1218.7902522598201	656.9799004636467	0	133.19388986595345	0	1141.853588540592	0	500	6878.137	0	45	0	0	1.6737496520604773	1.6737496520604773	0.02921244228256482	0.0011067834463349407	7.612608173223869	6878.137	5676.9780285258585	125.48282519229377
26.494	ekf	6875.180144637565	142.59482730868316	142.59482730868316	0	0	0.33378373634756187	0.942649679016474	0	0	0.5	21387.73235159602	11487.308208685197	-1217.3795176095384	662.8157556584906	0	100.19213800183677	0	1141.8536063142815	0	500	6878.137	0	45	0	0	1.6800910540914709	1.6800910540914709	0.029323120627198315	0.0011067834463349407	7.612608173223869	6878.137	5676.9780285258585	113.95557808525376
26.594	ekf	6875.157783184254	143.13288771272929	143.13288771272929	0	0	0.3572432215217763	0.9340113921557612	0	0	0.5	21933.0612325337	10410.02524504487	-1215.969725208492	666.9949181982581	0	66.93995906792102	0	1141.8536240872897	0	500	6878.137	0	45	0	0	1.6864324561224646	1.6864324561224646	0.02943379897183181	0.0011067834463349407	7.612608173223869	6878.137	5676.9780285258585	103.65163941590019
26.694	ekf	6875.13533751235	143.6709463634411	143.6709463634411	0	0	0.3804794413127616	0.9247893785821337	0	0	0.5	22424.168101552663	9306.929691648967	-1214.5608754540822	669.5069424058613	0	33.52046611547482	0	1141.8536418596116	0	500	6878.137	0	45	0	0	1.6927738581534582	1.6927738581534582	0.029544477316465305	0.0011067834463349407	7.612608173223869	6878.137	5676.9780285258585	95.6415564907763
26.794	ekf	6875.112807622129	144.20900325422747	144.20900325422747	0	0	0.4034778738396146	0.9149894017538478	0	0	0.5	22859.835078934982	8180.748700652176	-1213.152968743568	670.3455495778034	0	0.01719039116755348	0	1141.8536596312624	0	500	6878.137	0	45	0	0	1.699115260184452	1.699115260184452	0.0296551556610988	0.0011067834463349407	7.612608173223869	6878.137	5676.9780285258585	91.4980020763248
25.894	ekf	6875.312544751721	139.36642843348656	139.36642843348656	0	0	0.18916789765619707	0.9819447573546765	0	0	0.5	17061.739139662386	17265.099157834877	-1225.8580453296286	603.6033659385243	0	291.5925852317675	0	1141.8534996619064	0	500	6878.137	0	45	0	0	1.6420426419055085	1.6420426419055085	0.02865905055939734	0.0011067834463349407	7.612608173223869	6878.137	5676.9780285258585	123.57922999937018
25.994	ekf	6875.290688615682	139.90449921912548	139.90449921912548	0	0	0.21365484755350767	0.9769092107851618	0	0	0.5	17899.57031680129	16395.92739891195	-1224.4426053997265	617.4225596232538	0	261.0605879058483	0	1141.8535174390092	0	500	6878.137	0	45	0	0	1.6483840439365025	1.6483840439365025	0.028769728904030838	0.0011067834463349407	7.612608173223869	6878.137	5676.9780285258585	123.18342651748699
26.094	ekf	6875.268748259421	140.44256829097682	140.44256829097682	0	0	0.23800827012673187	0.9712631277626474	0	0	0.5	18693.17337508997	15486.1480800372	-1223.0281057296763	629.698519683638	0	229.87607651267044	0	1141.8535352154292	0	500	6878.137	0	45	0	0	1.654725445967496	1.654725445967496	0.028880407248664332	0.0011067834463349407	7.612608173223869	6878.137	5676.9780285258585	126.47515447249987
26.194	ekf	6875.246723683208	140.98063564244944	140.98063564244944	0	0	0.2622129452795986	0.9650100369052119	0	0	0.5	19440.582732839295	14538.009340967894	-1221.614546717685	640.4005626833768	0	198.11699602694497	0	1141.853552991153	0	500	6878.137	0	45	0	0	1.6610668479984898	1.6610668479984898	0.028991085593297827	0.0011067834463349407	7.612608173223869	6878.137	5676.9780285258585	133.23183143114662
26.294	ekf	6875.224614887315	141.51870126695212	141.51870126695212	0	0	0.286253745878132	0.9581538461910687	0	0	0.5	20139.94696459127	13553.854333118426	-1220.2019287617768	649.5019391558159	0	165.8627275435022	0	1141.8535707662097	0	500	6878.137	0	45	0	0	1.6674082500294833	1.6674082500294833	0.029101763937931322	0.0011067834463349407	7.612608173223869	6878.137	5676.9780285258585	142.6344441694626
26.394	ekf	6875.20242187201	142.05676515789372	142.05676515789372	0	0	0.31011564720461765	0.9506988405162076	0	0	0.5	20789.533387060368	12536.11542867206	-1218.7902522598206	656.9799004636468	0	133.1938898659534	0	1141.8535885405925	0	500	6878.137	0	45	0	0	1.6737496520604773	1.6737496520604773	0.02921244228256482	0.0011067834463349407	7.612608173223869	6878.137	5676.9780285258585	153.43430604821413
26.494	ekf	6875.180144637565	142.59482730868316	142.59482730868316	0	0	0.33378373634756187	0.9426496790164739	0	0	0.5	21387.732351596016	11487.308208685194	-1217.379517609538	662.8157556584904	0	100.19213800183665	0	1141.8536063142813	0	500	6878.137	0	45	0	0	1.6800910540914709	1.6800910540914709	0.029323120627198315	0.0011067834463349407	7.612608173223869	6878.137	5676.9780285258585	164.4604299084876
26.594	ekf	6875.157783184254	143.13288771272929	143.13288771272929	0	0	0.3572432215217763	0.9340113921557611	0	0	0.5	21933.061232533695	10410.025245044866	-1215.969725208492	666.994918198258	0	66.93995906792107	0	1141.8536240872895	0	500	6878.137	0	45	0	0	1.6864324561224646	1.6864324561224646	0.02943379897183181	0.0011067834463349407	7.612608173223869	6878.137	5676.9780285258585	175.29939288034956
26.694	ekf	6875.13533751235	143.6709463634411	143.6709463634411	0	0	0.3804794413127616	0.9247893785821336	0	0	0.5	22424.16810155266	9306.929691648962	-1214.5608754540822	669.5069424058612	0	33.52046611547475	0	1141.8536418596113	0	500	6878.137	0	45	0	0	1.6927738581534582	1.6927738581534582	0.029544477316465305	0.0011067834463349407	7.612608173223869	6878.137	5676.9780285258585	173.37696874106686
25.894	ekf	6875.312544751721	139.36642843348656	139.36642843348656	0	0	0.18916789765619713	0.9819447573546765	0	0	0.5	17061.739139662386	17265.099157834877	-1225.8580453296286	603.6033659385243	0	291.5925852317674	0	1141.8534996619064	0	500	6878.137	0	45	0	0	1.6420426419055085	1.6420426419055085	0.02865905055939734	0.0011067834463349407	7.612608173223869	6878.137	5676.9780285258585	171.02626631487453
25.994	ekf	6875.290688615682	139.90449921912548	139.90449921912548	0	0	0.21365484755350772	0.9769092107851618	0	0	0.5	17899.570316801295	16395.927398911947	-1224.4426053997265	617.422559623254	0	261.0605879058482	0	1141.8535174390095	0	500	6878.137	0	45	0	0	1.6483840439365025	1.6483840439365025	0.028769728904030838	0.0011067834463349407	7.612608173223869	6878.137	5676.9780285258585	158.2399590914285
26.094	ekf	6875.268748259421	140.44256829097682	140.44256829097682	0	0	0.23800827012673192	0.9712631277626474	0	0	0.5	18693.173375089973	15486.148080037197	-1223.0281057296763	629.6985196836381	0	229.8760765126704	0	1141.8535352154292	0	500	6878.137	0	45	0	0	1.654725445967496	1.654725445967496	0.028880407248664332	0.0011067834463349407	7.612608173223869	6878.137	5676.9780285258585	145.70641962791035
26.194	ekf	6875.246723683208	140.98063564244944	140.98063564244944	0	0	0.2622129452795987	0.9650100369052119	0	0	0.5	19440.5827328393	14538.009340967888	-1221.614546717685	640.400562683377	0	198.11699602694483	0	1141.853552991153	0	500	6878.137	0	45	0	0	1.6610668479984898	1.6610668479984898	0.028991085593297827	0.0011067834463349407	7.612608173223869	6878.137	5676.9780285258585	133.69403604397115
26.294	ekf	6875.224614887315	141.51870126695212	141.51870126695212	0	0	0.28625374587813207	0.9581538461910685	0	0	0.5	20139.946964591265	13553.85433311842	-1220.2019287617761	649.5019391558158	0	165.86272754350188	0	1141.853570766209	0	500	6878.137	0	45	0	0	1.6674082500294833	1.6674082500294833	0.029101763937931322	0.0011067834463349407	7.612608173223869	6878.137	5676.9780285258585	122.6179534641628
26.394	ekf	6875.20242187201	142.05676515789372	142.05676515789372	0	0	0.3101156472046177	0.9506988405162073	0	0	0.5	20789.533387060364	12536.115428672052	-1218.7902522598201	656.9799004636466	0	133.1938898659532	0	1141.853588540592	0	500	6878.137	0	45	0	0	1.6737496520604773	1.6737496520604773	0.02921244228256482	0.0011067834463349407	7.612608173223869	6878.137	5676.9780285258585	113.024170358927
57.5601	ekf	6864.184169198528	309.63226745068033	309.63226745068033	0	0	0.9682013812498418	-0.25017211144709667	0	0	0.5	-17925.495018724072	-16697.616160629055	-826.6571892435934	0	635.2623819691662	0	214.01249283087324	1141.859094231857	0	500	6878.137	0	45	0	0	3.650117350443489	3.650117350443489	0.06370656584941059	0.0011067834463349407	7.612608173223869	6878.137	5676.9780285258585	73.66598443798974
57.6601	ekf	6864.135662642104	310.16946627112884	310.16946627112884	0	0	0.9616451827820136	-0.27429644990802854	0	0	0.5	-18733.935900951943	-15786.334400887377	-825.5585370618112	0	645.1646232736059	0	181.99516065298025	1141.8591117867559	0	500	6878.137	0	45	0	0	3.6564587524744825	3.6564587524744825	0.06381724419404408	0.0011067834463349407	7.612608173223869	6878.137	5676.9780285258585	115.19586928391108
57.7601	ekf	6864.087072002106	310.7066612920957	310.7066612920957	0	0	0.9544879873817605	-0.2982493620176186	0	0	0.5	-19496.0982636049	-14835.963595059842	-824.4609429467446	0	653.4542903977238	0	149.5229366279285	1141.8591293409306	0	500	6878.137	0	45	0	0	3.6628001545054762	3.6628001545054762	0.06392792253867757	0.0011067834463349407	7.612608173223869	6878.137	5676.9780285258585	138.96623039355393
57.8601	ekf	6864.038397279127	311.24385250700055	311.24385250700055	0	0	0.9467342680632013	-0.3220158779855965	0	0	0.5	-20210.09480880198	-13848.851590311073	-823.3644072426956	0	660.110663552745	0	116.67698433385955	1141.859146894383	0	500	6878.137	0	45	0	0	3.6691415565364704	3.6691415565364704	0.06403860088331108	0.0011067834463349407	7.612608173223869	6878.137	5676.9780285258585	152.16768703528496
57.9601	ekf	6863.989638473764	311.7810399092627	311.7810399092627	0	0	0.9383888706484844	-0.34558114451321265	0	0	0.5	-20874.1572368918	-12827.437218026218	-822.2689302937816	0	665.1171053305762	0	83.53940147198169	1141.8591644471253	0	500	6878.137	0	45	0	0	3.6754829585674638	3.6754829585674638	0.06414927922794457	0.0011067834463349407	7.612608173223869	6878.137	5676.9780285258585	160.84617000791144
58.0601	ekf	6863.940795586615	312.31822349230197	312.31822349230197	0	0	0.9294570107393058	-0.3689304340760656	0	0	0.5	-21486.640625595803	-11774.244268121147	-821.1745124439432	0	668.4611022886345	0	50.19301466512104	1141.8591819991223	0	500	6878.137	0	45	0	0	3.6818243605984575	3.6818243605984575	0.06425995757257806	0.0011067834463349407	7.612608173223869	6878.137	5676.9780285258585	166.22772108181329
58.1601	ekf	6863.89186861828	312.8554032495379	312.8554032495379	0	0	0.9199442704573275	-0.3920491541283258	0	0	0.5	-22046.027504303882	-10691.875252944774	-820.0811540369289	0	670.1342962265533	0	16.72117243478483	1141.859199550427	0	500	6878.137	0	45	0	0	3.688165762629451	3.688165762629451	0.06437063591721155	0.0011067834463349407	7.612608173223869	6878.137	5676.9780285258585	167.25680680176245
58.2601	ekf	6863.842857569354	313.39257917439033	313.39257917439033	0	0	0.909856594955534	-0.4149228562226013	0	0	0.5	-22550.93161343159	-9583.004976182874	-818.9888554163035	0	670.1325050775018	16.79246312691338	0	1141.8592171009914	0	500	6878.137	0	45	0	0	3.694507164660445	3.694507164660445	0.06448131426184506	0.0011067834463349407	7.612608173223869	6878.137	5676.9780285258585	161.80198773964221
58.3601	ekf	6863.793762440441	313.9297512602789	313.9297512602789	0	0	0.8992002887027051	-0.43753724503974745	0	0	0.5	-23000.101339526227	-8450.373922655657	-817.8976169254732	0	668.4557333608427	50.2641254684113	0	1141.8592346508362	0	500	6878.137	0	45	0	0	3.7008485666914384	3.7008485666914384	0.06459199260647855	0.0011067834463349407	7.612608173223869	6878.137	5676.9780285258585	148.7925180924115
58.4756	ekf	6863.736952928738	314.55018023322947	314.55018023322947	0	0	0.8861933212330588	-0.46331565633153454	0	0	0.5	-23448.079501354136	-7116.28104835174	-816.6385562625221	0	664.4402250768156	88.76217604775935	0	1141.8592549200098	0	500	6878.137	0	45	0	0	3.7081728860372354	3.7081728860372354	0.06471982609453023	0.0011067834463349407	7.612608173223869	6878.137	5676.9780285258585	127.97850360099999
58.5756	ekf	6863.6876766094965	315.08734402378167	315.08734402378167	0	0	0.8743347153882752	-0.48532340296641774	0	0	0.5	-23773.539061243435	-5942.029779927701	-815.5496035178581	0	659.1735826719898	121.85939888751892	0	1141.8592724682987	0	500	6878.137	0	45	0	0	3.714514288068229	3.714514288068229	0.06483050443916372	0.0011067834463349407	7.612608173223869	6878.137	5676.9780285258585	109.654823208489
58.6756	ekf	6863.638316212168	315.6245039546098	315.6245039546098	0	0	0.861929678810754	-0.5070278382743798	0	0	0.5	-24040.230803227903	-4753.017327161675	-814.4617119851791	0	652.2593514039268	154.65203616206537	0	1141.8592900158635	0	500	6878.137	0	45	0	0	3.7208556900992233	3.7208556900992233	0.06494118278379722	0.0011067834463349407	7.612608173223869	6878.137	5676.9780285258585	101.47450159996654
58.7756	ekf	6863.588871737357	316.1616600191336	316.1616600191336	0	0	0.8489859642445043	-0.5284153976899514	0	0	0.5	-24247.491918328134	-3552.183004241522	-813.3748820071021	0	643.7148132741809	187.0581234470369	0	1141.8593075627086	0	500	6878.137	0	45	0	0	3.7271970921302167	3.7271970921302167	0.06505186112843071	0.0011067834463349407	7.612608173223869	6878.137	5676.9780285258585	109.52253583639565
58.8756	ekf	6863.539343185669	316.69881221077316	316.69881221077316	0	0	0.8355116610897413	-0.5494727146847799	0	0	0.5	-24394.80651831808	-2342.4955223814395	-812.2891139260697	0	633.5613251978298	218.99666249278908	0	1141.8593251088425	0	500	6878.137	0	45	0	0	3.7335384941612104	3.7335384941612104	0.0651625394730642	0.0011067834463349407	7.612608173223869	6878.137	5676.9780285258585	130.3490285205516
58.9756	ekf	6863.489730557711	317.2359605229487	317.2359605229487	0	0	0.8215151903472745	-0.5701866291212745	0	0	0.5	-24481.806919463852	-1126.9456505431135	-811.2044080843426	0	621.8242656223115	250.38782367775173	0	1141.8593426542423	0	500	6878.137	0	45	0	0	3.7398798961922046	3.7398798961922046	0.06527321781769771	0.0011067834463349407	7.612608173223869	6878.137	5676.9780285258585	155.884198654106
59.0756	ekf	6863.440033854091	317.77310494908	317.77310494908	0	0	0.8070052993556558	-0.5905441954772634	0	0	0.5	-24508.27455986001	91.46117878227597	-810.1207648240006	0	608.5329710944231	281.15314554047524	0	1141.8593601989194	0	500	6878.137	0	45	0	0	3.746221298223198	3.746221298223198	0.0653838961623312	0.0011067834463349407	7.612608173223869	6878.137	5676.9780285258585	179.87994587871205
59.1756	ekf	6863.390253075417	318.31024548258745	318.31024548258745	0	0	0.7919910563243793	-0.6105326909365248	0	0	0.5	-24474.140548075495	1309.7123004504701	-809.0381844869385	0	593.7206629342417	311.2157308923095	0	1141.859377742872	0	500	6878.137	0	45	0	0	3.7525627002541913	3.7525627002541913	0.06549457450696469	0.0011067834463349407	7.612608173223869	6878.137	5676.9780285258585	160.3226295917514
59.2756	ekf	6863.340388222298	318.84738211689125	318.84738211689125	0	0	0.7764818446665432	-0.6301396233401313	0	0	0.5	-24379.485841732378	2524.7952658264876	-807.9566674148643	0	577.424364199106	340.50043902004387	0	1141.8593952861108	0	500	6878.137	0	45	0	0	3.758904102285185	3.758904102285185	0.06560525285159818	0.0011067834463349407	7.612608173223869	6878.137	5676.9780285258585	145.04172715682844
59.3756	ekf	6863.290439295347	319.3845148454115	319.3845148454115	0	0	0.7604873571345241	-0.6493527389936433	0	0	0.5	-24224.541055557027	3733.7052918135887	-806.8762139493003	0	559.6848071452613	368.93407349848644	0	1141.8594128286063	0	500	6878.137	0	45	0	0	3.765245504316179	3.765245504316179	0.06571593119623169	0.0011067834463349407	7.612608173223869	6878.137	5676.9780285258585	134.33500271167227
59.4599	ekf	6863.2482670397885	319.8373146963456	319.8373146963456	0	0	0.7466343801039644	-0.6652346221046894	0	0	0.5	-24047.363031749963	4745.819633636032	-805.9662181652367	0	543.6417418461615	392.1901080401119	0	1141.859427616389	0	500	6878.137	0	45	0	0	3.77059130622528	3.77059130622528	0.06580923304070489	0.0011067834463349407	7.612608173223869	6878.137	5676.9780285258585	129.97969791361524
59.4599	panels	6863.2482670397885	319.8373146963456	319.8373146963456	0	0	0.7466343801039644	-0.6652346221046894	0	0	0.5	-24047.363031749963	4745.819633636032	-805.9662181652367	0	543.6417418461615	392.1901080401119	0	1141.859427616389	0	500	6878.137	0	45	0	0	3.77059130622528	3.77059130622528	0.06580923304070489	0.0011067834463349407	7.612608173223869	6878.137	5676.9780285258585	135.32309930600863
59.5599	panels	6863.198163166367	320.37444020926915	320.37444020926915	0	0	0.7297719358428826	-0.6836906622560615	0	0	0.5	-23782.4075107509	5935.536820525269	-804.8877258206066	0	523.3609992650719	418.8707167662881	0	1141.8594451575686	0	500	6878.137	0	45	0	0	3.776932708256273	3.776932708256273	0.06591991138533838	0.0011067834463349407	7.612608173223869	6878.137	5676.9780285258585	133.3779027190066
59.6599	panels	6863.147975220854	320.91156179770326	320.91156179770326	0	0	0.7124534078799694	-0.7017194180013963	0	0	0.5	-23458.628645120938	7110.64571063009	-803.8102980524509	0	501.7721285860456	444.504367227543	0	1141.8594626980164	0	500	6878.137	0	45	0	0	3.7832741102872665	3.7832741102872665	0.06603058972997188	0.0011067834463349407	7.612608173223869	6878.137	5676.9780285258585	134.40179787087993
59.7599	panels	6863.097703203866	321.4486794550685	321.4486794550685	0	0	0.6946896197313887	-0.7193096219552875	0	0	0.5	-23076.823710130204	8268.239726374493	-802.7339352015892	0	478.92909072101	469.02698873891416	0	1141.8594802377304	0	500	6878.137	0	45	0	0	3.7896155123182607	3.7896155123182607	0.06614126807460538	0.0011067834463349407	7.612608173223869	6878.137	5676.9780285258585	137.40660926751985
59.8599	panels	6863.047347116018	321.9857931747849	321.9857931747849	0	0	0.676491673186425	-0.7364502808129217	0	0	0.5	-22637.933508997405	9405.455437219262	-801.6586376086583	0	454.8889813421881	492.37728760784205	0	1141.8594977767566	0	500	6878.137	0	45	0	0	3.7959569143492544	3.7959569143492544	0.06625194641923887	0.0011067834463349407	7.612608173223869	6878.137	5676.9780285258585	141.6814762313574
59.9599	panels	6862.996906957926	322.5229029502733	322.5229029502733	0	0	0.6578709413692262	-0.7531306822205349	0	0	0.5	-22143.04005443261	10519.479642529313	-800.5844056141016	0	429.71188817262265	514.4969003367592	0	1141.8595153150275	0	500	6878.137	0	45	0	0	3.8022983163802477	3.8022983163802477	0.06636262476387236	0.0011067834463349407	7.612608173223869	6878.137	5676.9780285258585	147.0189779096812
60.0599	panels	6862.946382730209	323.0600087749542	323.0600087749542	0	0	0.638839061630971	-0.7693404014702858	0	0	0.5	-21593.363900882945	11607.556330619118	-799.5112395582082	0	403.4607407983726	535.3305395005378	0	1141.8595328525805	0	500	6878.137	0	45	0	0	3.808639718411242	3.808639718411242	0.06647330310850587	0.0011067834463349407	7.612608173223869	6878.137	5676.9780285258585	153.79311670309383
60.1599	panels	6862.895774433484	323.5971106422483	323.5971106422483	0	0	0.6194079282769043	-0.7850693080153583	0	0	0.5	-20990.261134059598	12666.993496762527	-798.4391397810527	0	376.20115337730863	554.82613193656	0	1141.8595503894094	0	500	6878.137	0	45	0	0	3.8149811204422357	3.8149811204422357	0.06658398145313936	0.0011067834463349407	7.612608173223869	6878.137	5676.9780285258585	162.70424951414373
60.2599	panels	6862.845082068374	324.1342085455761	324.1342085455761	0	0	0.5995896851327825	-0.8003075718012238	0	0	0.5	-20335.220025170638	13695.169803299279	-797.368106622537	0	348.0012606380289	572.9349489000856	0	1141.8595679255188	0	500	6878.137	0	45	0	0	3.821322522473229	3.821322522473229	0.06669465979777285	0.0011067834463349407	7.612608173223869	6878.137	5676.9780285258585	174.16288930699375
60.3599	panels	6862.794305635497	324.6713024783585	324.6713024783585	0	0	0.5793967179553784	-0.815045669409105	0	0	0.5	-19629.857358116788	14689.54106536302	-796.2981404223758	0	318.93154757863044	589.6117278605217	0	1141.8595854609093	0	500	6878.137	0	45	0	0	3.827663924504223	3.827663924504223	0.06680533814240636	0.0011067834463349407	7.612608173223869	6878.137	5676.9780285258585	172.4147524725859
60.4886	panels	6862.728832646137	325.36253651610616	325.36253651610616	0	0	0.552877269288634	-0.8332626987354848	0	0	0.5	-18650.819944242205	15915.588903990034	-794.9226646957923	0	280.3561203389353	608.9004457066263	0	1141.8596080278835	0	500	6878.137	0	45	0	0	3.8358253089211343	3.8358253089211343	0.06694778117200241	0.0011067834463349407	7.612608173223869	6878.137	5676.9780285258585	156.3661998793463
60.5886	panels	6862.67786395262	325.8996213435217	325.8996213435217	0	0	0.531875106628094	-0.8468228096534444	0	0	0.5	-17837.110222453684	16823.543955741323	-793.8551399052907	0	249.57342213017407	622.151430565332	0	1141.859625561608	0	500	6878.137	0	45	0	0	3.8421667109521276	3.8421667109521276	0.0670584595166359	0.0011067834463349407	7.612608173223869	6878.137	5676.9780285258585	147.33220214813957
60.6886	panels	6862.626811193386	326.4367021787659	326.4367021787659	0	0	0.510540539341357	-0.8598536838840876	0	0	0.5	-16979.247050192134	17689.951499419345	-792.7886831884921	0	218.16692175368553	633.8473620958815	0	1141.859643094611	0	500	6878.137	0	45	0	0	3.848508112983122	3.848508112983122	0.0671691378612694	0.0011067834463349407	7.612608173223869	6878.137	5676.9780285258585	144.47530815258963
60.7886	panels	6862.57567436906	326.9737790152599	326.9737790152599	0	0	0.48888690083842035	-0.8723471775552465	0	0	0.5	-16079.349169822952	18512.66678297964	-791.7232948843257	0	186.21511904055578	643.9590066295559	0	1141.8596606268861	0	500	6878.137	0	45	0	0	3.8548495150141155	3.8548495150141155	0.0672798162059029	0.0011067834463349407	7.612608173223869	6878.137	5676.9780285258585	148.35069548157506
60.8886	panels	6862.524453480268	327.51085184642443	327.51085184642443	0	0	0.46692772393840387	-0.8842954826401082	0	0	0.5	-15139.63938226611	19289.652972714663	-790.6589753315333	0	153.79787679038174	652.4610903867635	0	1141.8596781584474	0	500	6878.137	0	45	0	0	3.861190917045109	3.861190917045109	0.06739049455053639	0.0011067834463349407	7.612608173223869	6878.137	5676.9780285258585	156.35851872609115
60.9886	panels	6862.473148527639	328.04792066568064	328.04792066568064	0	0	0.44467673241197875	-0.8956911318369774	0	0	0.5	-14162.439056393472	20018.986195690144	-789.5957248686703	0	120.99622115591404	659.3323626482745	0	1141.8596956892613	0	500	6878.137	0	45	0	0	3.867532319076103	3.867532319076103	0.0675011728951699	0.0011067834463349407	7.612608173223869	6878.137	5676.9780285258585	164.90406821907985
61.0886	panels	6862.421759511799	328.5849854664495	328.5849854664495	0	0	0.4221478324044574	-0.9065270032360968	0	0	0.5	-13150.162394399811	20698.860303136622	-788.5335438341114	0	87.89213912031063	664.5556488705249	0	1141.8597132193725	0	500	6878.137	0	45	0	0	3.8738737211070964	3.8738737211070964	0.06761185123980339	0.0011067834463349407	7.612608173223869	6878.137	5676.9780285258585	172.18531252815905
61.1886	panels	6862.37028643338	329.12204624215224	329.12204624215224	0	0	0.39935510374490557	-0.9167963247706089	0	0	0.5	-12105.31046731514	21327.59134300307	-787.4724325660346	0	54.56837357222116	668.1178936132276	0	1141.8597307487441	0	500	6878.137	0	45	0	0	3.88021512313809	3.88021512313809	0.06772252958443688	0.0011067834463349407	7.612608173223869	6878.137	5676.9780285258585	177.7022079584529
61.2886	panels	6862.3187292930115	329.65910298621003	329.65910298621003	0	0	0.37631279114670746	-0.9264926784488773	0	0	0.5	-11030.46503539411	21903.621730597148	-786.4123914024584	0	21.108216492115705	670.0101931707823	0	1141.8597482773998	0	500	6878.137	0	45	0	0	3.8865565251690843	3.8865565251690843	0.06783320792907038	0.0011067834463349407	7.612608173223869	6878.137	5676.9780285258585	178.49994919141764
61.3886	panels	6862.267088091325	330.19615569204393	330.19615569204393	0	0	0.3530352953050835	-0.9356100043655223	0	0	0.5	-9928.282168651096	22425.52410698431	-785.3534206811956	12.404699234211844	0	670.2278178268656	0	1141.8597658053222	0	500	6878.137	0	45	0	0	3.8928979272000777	3.8928979272000777	0.06794388627370387	0.0011067834463349407	7.612608173223869	6878.137	5676.9780285258585	175.65964219873743
61.4811	panels	6862.219245139471	330.6929258439485	330.6929258439485	0	0	0.33130685095411727	-0.9435230630519141	0	0	0.5	-8886.78756049774	22858.96782909963	-784.3748260852802	43.37840507517191	0	668.9375963244972	0	1141.859782018013	0	500	6878.137	0	45	0	0	3.898763724078747	3.898763724078747	0.06804626374248986	0.0011067834463349407	7.612608173223869	6878.137	5676.9780285258585	172.76639334703302
61.5811	panels	6862.167442121529	331.2299707576806	331.2299707576806	0	0	0.3076177034710919	-0.9515100359487395	0	0	0.5	-7739.701601252411	23273.15075344274	-783.317916915849	76.7571211089139	0	665.9335753349243	0	1141.8597995445423	0	500	6878.137	0	45	0	0	3.905105126109741	3.905105126109741	0.06815694208712336	0.0011067834463349407	7.612608173223869	6878.137	5676.9780285258585	167.9706080379224
61.6811	panels	6862.115555044123	331.7670116139462	331.7670116139462	0	0	0.28373630493803687	-0.958902346049956	0	0	0.5	-6573.41117301844	23629.810000213536	-782.2620791757823	109.94398366179246	0	661.2650689791337	0	1141.8598170703444	0	500	6878.137	0	45	0	0	3.9114465281407345	3.9114465281407345	0.06826762043175685	0.0011067834463349407	7.612608173223869	6878.137	5676.9780285258585	162.14493736423745
61.7811	panels	6862.063583907886	332.30404840616666	332.30404840616666	0	0	0.2596775804515652	-0.9656953734024105	0	0	0.5	-5390.799066608845	23928.060378495866	-781.2073132021757	142.8560429496175	0	654.9437461220593	0	1141.859834595419	0	500	6878.137	0	45	0	0	3.9177879301717278	3.9177879301717278	0.06837829877639034	0.0011067834463349407	7.612608173223869	6878.137	5676.9780285258585	157.27539541455025
61.8811	panels	6862.011528713457	332.84108112776374	332.84108112776374	0	0	0.23545656593123768	-0.9718848725851581	0	0	0.5	-4194.78859300041	24167.161074852072	-780.1536193319347	175.41103605468646	0	646.985406804656	0	1141.859852119758	0	500	6878.137	0	45	0	0	3.9241293322027224	3.9241293322027224	0.06848897712102385	0.0011067834463349407	7.612608173223869	6878.137	5676.9780285258585	155.87372605444656
61.9811	panels	6861.959389461474	333.37810977215867	333.37810977215867	0	0	0.21108839872260296	-0.9774669753627115	0	0	0.5	-2988.336357146307	24346.51749308211	-779.1009979017767	207.5275925398033	0	637.4099427518818	0	1141.8598696433983	0	500	6878.137	0	45	0	0	3.9304707342337157	3.9304707342337157	0.06859965546565734	0.0011067834463349407	7.612608173223869	6878.137	5676.9780285258585	159.19368807352726
62.0811	panels	6861.907166152574	333.9151343327731	333.9151343327731	0	0	0.18658830813684926	-0.9824381931025629	0	0	0.5	-1774.4249490718357	24465.682732534777	-778.0494492482366	239.12543783227608	0	626.2412876538806	0	1141.8598871662878	0	500	6878.137	0	45	0	0	3.936812136264709	3.936812136264709	0.06871033381029083	0.0011067834463349407	7.612608173223869	6878.137	5676.9780285258585	166.35275616886392
62.1811	panels	6861.854858787398	334.4521548030288	334.4521548030288	0	0	0.1619716059329806	-0.9867954189554647	0	0	0.5	-556.0555703212099	24524.358701296016	-776.9989737076752	270.1255938676383	0	613.5073573439339	0	1141.859904688456	0	500	6878.137	0	45	0	0	3.9431535382957033	3.9431535382957033	0.06882101215492434	0.0011067834463349407	7.612608173223869	6878.137	5676.9780285258585	175.1109171495454
62.2811	panels	6861.802467366586	334.98917117634716	334.98917117634716	0	0	0.13725367674846609	-0.9905359297971111	0	0	0.5	663.7593860149696	24522.396861483543	-775.9495716162509	300.4505764939483	0	599.239980023572	0	1141.8599222099017	0	500	6878.137	0	45	0	0	3.949494940326697	3.949494940326697	0.06893169049955783	0.0011067834463349407	7.612608173223869	6878.137	5676.9780285258585	176.29951111072197
62.3811	panels	6861.74999189078	335.52618344615	335.52618344615	0	0	0.11244996848434215	-0.9936573879300001	0	0	0.5	1882.0037833482666	24459.798604783733	-774.9012433099476	330.02458914134826	0	583.4748167085412	0	1141.8599397306277	0	500	6878.137	0	45	0	0	3.9558363423576903	3.9558363423576903	0.06904236884419132	0.0011067834463349407	7.612608173223869	6878.137	5676.9780285258585	168.51014313250533
62.4859	panels	6861.694907389076	336.08896789377917	336.08896789377917	0	0	0.0863805304837948	-0.9962622164637874	0	0	0.5	3153.7540786756063	24329.290492452874	-773.8037479462114	360.1316798482593	0	565.3885853023879	0	1141.859958091547	0	500	6878.137	0	45	0	0	3.962482131683148	3.962482131683148	0.06915835974931445	0.0011067834463349407	7.612608173223869	6878.137	5676.9780285258585	161.55510915761383
62.5859	panels	6861.64225977065	336.6259717390507	336.6259717390507	0	0	0.06144957699531659	-0.9981101890508367	0	0	0.5	4359.3920116687605	24143.144234886244	-772.7576197996788	387.9392422555103	0	546.6829173623156	0	1141.8599756107872	0	500	6878.137	0	45	0	0	3.9688235337141413	3.9688235337141413	0.06926903809394794	0.0011067834463349407	7.612608173223869	6878.137	5676.9780285258585	156.7318891886145
62.6859	panels	6861.589528099193	337.16297146075647	337.16297146075647	0	0	0.03648021952173634	-0.9993343752636782	0	0	0.5	5554.320455635336	23897.288821324164	-771.7125664611966	414.7771588677559	0	526.6108286925542	0	1141.8599931292886	0	500	6878.137	0	45	0	0	3.9751649357451355	3.9751649357451355	0.06937971643858144	0.0011067834463349407	7.612608173223869	6878.137	5676.9780285258585	153.81443265437858
62.7859	panels	6861.53671237535	337.6999670523183	337.6999670523183	0	0	0.011488063098585811	-0.9999340100257832	0	0	0.5	6735.584127890189	23592.328764959915	-770.6685882659793	440.57834896277325	0	505.222489045286	0	1141.8600106470608	0	500	6878.137	0	45	0	0	3.981506337776129	3.981506337776129	0.06949039478321493	0.0011067834463349407	7.612608173223869	6878.137	5676.9780285258585	152.7799241980742
62.8859	panels	6861.483812599768	338.23695850715825	338.23695850715825	0	0	-0.013511272990002014	-0.9999087185849466	0	0	0.5	7900.261368262169	23229.014759115882	-769.6256855490701	465.27832309382694	0	482.57135811005384	0	1141.8600281641066	0	500	6878.137	0	45	0	0	3.9878477398071226	3.9878477398071226	0.06960107312784843	0.0011067834463349407	7.612608173223869	6878.137	5676.9780285258585	153.38066085275136
62.9859	panels	6861.4308287730955	338.77394581869834	338.77394581869834	0	0	-0.03850216497283697	-0.9992585167474956	0	0	0.5	9045.471365222302	22808.24182910614	-768.5838586453252	488.8153442794402	0	458.7140518924228	0	1141.8600456804231	0	500	6878.137	0	45	0	0	3.994189141838117	3.994189141838117	0.06971175147248193	0.0011067834463349407	7.612608173223869	6878.137	5676.9780285258585	155.51915186667182
63.0859	panels	6861.377760895983	339.31092898036053	339.31092898036053	0	0	-0.06346899435602008	-0.9979838108684106	0	0	0.5	10168.38128139925	22331.047127115773	-767.543107889417	511.1305823134298	0	433.71020120353023	0	1141.860063196026	0	500	6878.137	0	45	0	0	4.00053054386911	4.00053054386911	0.06982242981711542	0.0011067834463349407	7.612608173223869	6878.137	5676.9780285258585	159.51488641482203
63.1859	panels	6861.324608969077	339.8479079855669	339.8479079855669	0	0	-0.0883961576839938	-0.9960853975973679	0	0	0.5	11266.213260858942	21798.607375531432	-766.5034336158272	532.168260809731	0	407.6223026141337	0	1141.8600807108774	0	500	6878.137	0	45	0	0	4.006871945900103	4.006871945900103	0.06993310816174891	0.0011067834463349407	7.612608173223869	6878.137	5676.9780285258585	165.84558403144482
63.2859	panels	6861.271372993032	340.3848828277398	340.3848828277398	0	0	-0.11326807629119374	-0.993564463380858	0	0	0.5	12336.251300814693	21212.2359650247	-765.4648361588564	551.8757966137338	0	380.51556224592923	0	1141.8600982250243	0	500	6878.137	0	45	0	0	4.013213347931097	4.013213347931097	0.0700437865063824	0.0011067834463349407	7.612608173223869	6878.137	5676.9780285258585	174.50544116478127
63.3859	panels	6861.218052968498	340.9218535003015	340.9218535003015	0	0	-0.13806920603820746	-0.990422583720696	0	0	0.5	13375.84797076959	20573.379714546267	-764.4273158526163	570.2039312330255	0	352.4577327901589	0	1141.8601157384287	0	500	6878.137	0	45	0	0	4.019554749962091	4.019554749962091	0.07015446485101591	0.0011067834463349407	7.612608173223869	6878.137	5676.9780285258585	175.29593305617902
63.4681	panels	6861.174160969729	341.36324026638954	341.36324026638954	0	0	-0.15839180515261758	-0.9873763396296752	0	0	0.5	14205.786189300736	20010.043672192664	-763.5752810113221	584.2043239648186	0	328.73131138584307	0	1141.8601301339045	0	500	6878.137	0	45	0	0	4.0247673824345895	4.0247673824345895	0.07024544245035738	0.0011067834463349407	7.612608173223869	6878.137	5676.9780285258585	166.50126030276644
63.5681	panels	6861.1206878105295	341.90020332500904	341.90020332500904	0	0	-0.18302414749	-0.9831084179456296	0	0	0.5	15183.362890363916	19279.70229282458	-762.5397241320518	599.903923459491	0	299.1224472361288	0	1141.8601476459812	0	500	6878.137	0	45	0	0	4.031108784465584	4.031108784465584	0.07035612079499089	0.0011067834463349407	7.612608173223869	6878.137	5676.9780285258585	155.3224137666438
63.6681	panels	6861.067130604688	342.43716219545496	342.43716219545496	0	0	-0.2075421056936389	-0.9782260855059277	0	0	0.5	16123.453005468407	18501.646345893565	-761.5052453453735	614.1040766877835	0	268.7659342552864	0	1141.860165157346	0	500	6878.137	0	45	0	0	4.037450186496578	4.037450186496578	0.07046679913962438	0.0011067834463349407	7.612608173223869	6878.137	5676.9780285258585	144.76922390951674
63.7681	panels	6861.01348935286	342.9741168711499	342.9741168711499	0	0	-0.23193035683785063	-0.9727323936093973	0	0	0.5	17023.729875320143	17677.79696879293	-760.4718449846719	626.7692907358801	0	237.73764785853874	0	1141.8601826679558	0	500	6878.137	0	45	0	0	4.043791588527571	4.043791588527571	0.07057747748425787	0.0011067834463349407	7.612608173223869	6878.137	5676.9780285258585	135.13086036760433
63.8681	panels	6860.959764055703	343.511067345516	343.511067345516	0	0	-0.2561736590596412	-0.9666307756346241	0	0	0.5	17881.965153894707	16810.188637845153	-759.4395233831864	637.8679092353585	0	206.11514254131254	0	1141.860200177863	0	500	6878.137	0	45	0	0	4.050132990558565	4.050132990558565	0.07068815582889136	0.0011067834463349407	7.612608173223869	6878.137	5676.9780285258585	126.94626065241434
63.9681	panels	6860.905954713874	344.0480136119761	344.0480136119761	0	0	-0.28025686108437403	-0.9599250448942012	0	0	0.5	18696.034323763488	15900.964144046982	-758.4082808739305	647.3721914878341	0	173.97745803326913	0	1141.8602176870263	0	500	6878.137	0	45	0	0	4.056474392589559	4.056474392589559	0.07079883417352487	0.0011067834463349407	7.612608173223869	6878.137	5676.9780285258585	120.9358183375964
64.0681	panels	6860.852061328035	344.5849556639526	344.5849556639526	0	0	-0.3041649116948238	-0.952619392251533	0	0	0.5	19463.92195499028	14952.369300719365	-757.3781177897456	655.2583818018163	0	141.40492174050377	0	1141.8602351954546	0	500	6878.137	0	45	0	0	4.062815794620552	4.062815794620552	0.07090951251815836	0.0011067834463349407	7.612608173223869	6878.137	5676.9780285258585	117.88087794822663
64.1681	panels	6860.798083898842	345.12189349486806	345.12189349486806	0	0	-0.3278828691376968	-0.9447183835016826	0	0	0.5	20183.72669458091	13966.747396134135	-756.3490344632885	661.5067688694014	0	108.47894796905157	0	1141.8602527031742	0	500	6878.137	0	45	0	0	4.0691571966515445	4.0691571966515445	0.07102019086279183	0.0011067834463349407	7.612608173223869	6878.137	5676.9780285258585	118.46337849341047
64.2681	panels	6860.74402242696	345.65882709814537	345.65882709814537	0	0	-0.3513959104617406	-0.9362269565178972	0	0	0.5	20853.665974135372	12946.533404820424	-755.3210312270226	666.1017350343956	0	75.28183443145153	0	1141.860270210144	0	500	6878.137	0	45	0	0	4.075498598682538	4.075498598682538	0.07113086920742533	0.0011067834463349407	7.612608173223869	6878.137	5676.9780285258585	123.03059903479524
64.3681	panels	6860.689876913049	346.1957564672071	346.1957564672071	0	0	-0.3746893407816059	-0.9271504181655995	0	0	0.5	21472.08042404652	11894.247971851028	-754.2941084132318	669.0317953277861	0	41.89655654588914	0	1141.8602877164024	0	500	6878.137	0	45	0	0	4.081840000713532	4.081840000713532	0.07124154755205882	0.0011067834463349407	7.612608173223869	6878.137	5676.9780285258585	131.3504781615795
64.4834	panels	6860.627342823058	346.8148307653717	346.8148307653717	0	0	-0.40125510047825064	-0.9159663445455785	0	0	0.5	22119.16736327058	10644.55117858211	-753.1114078678601	670.3343210011816	0	3.2786509828280073	0	1141.8603079002153	0	500	6878.137	0	45	0	0	4.089151637252242	4.089151637252242	0.07136915968336843	0.0011067834463349407	7.612608173223869	6878.137	5676.9780285258585	143.54820715069232
64.5834	panels	6860.573016368912	347.3517509958431	347.3517509958431	0	0	-0.4240264880755319	-0.9056497873959507	0	0	0.5	22621.6199283835	9532.13608554139	-752.086812330604	669.660434163454	0	0	30.228181873673368	1141.8603254048842	0	500	6878.137	0	45	0	0	4.095493039283236	4.095493039283236	0.07147983802800192	0.0011067834463349407	7.612608173223869	6878.137	5676.9780285258585	156.9375548732751
64.6834	panels	6860.518605874834	347.88866697136103	347.88866697136103	0	0	-0.4465328729221488	-0.8947672286130578	0	0	0.5	23068.166580632897	8396.086840320819	-751.0632982622781	667.3127467020826	0	0	63.65945924474581	1141.8603429088462	0	500	6878.137	0	45	0	0	4.101834441314229	4.101834441314229	0.07159051637263542	0.0011067834463349407	7.612608173223869	6878.137	5676.9780285258585	170.52242235994066
64.7834	panels	6860.464111341488	348.42557868534857	348.42557868534857	0	0	-0.46876018926027835	-0.8833254694418521	0	0	0.5	23457.699977540244	7239.21112212315	-750.0408659943878	663.2971266495905	0	0	96.9316204341531	1141.8603604120542	0	500	6878.137	0	45	0	0	4.108175843345222	4.108175843345222	0.0717011947172689	0.0011067834463349407	7.612608173223869	6878.137	5676.9780285258585	175.7663788401318
64.8834	panels	6860.409532769543	348.96248613122873	348.96248613122873	0	0	-0.4906945457408296	-0.8713316606093232	0	0	0.5	23789.253686575976	6064.368264181065	-749.0195158582416	657.623610996848	0	0	129.96150245472325	1141.860377914555	0	500	6878.137	0	45	0	0	4.114517245376215	4.114517245376215	0.07181187306190238	0.0011067834463349407	7.612608173223869	6878.137	5676.9780285258585	161.05513273810806
64.9834	panels	6860.354870159667	349.49938930242456	349.49938930242456	0	0	-0.5123222341050859	-0.8587932978555279	0	0	0.5	24062.0045825747	4874.462186590681	-747.9992481849843	650.3063806059671	0	0	162.6665478927284	1141.860395416313	0	500	6878.137	0	45	0	0	4.120858647407209	4.120858647407209	0.07192255140653588	0.0011067834463349407	7.612608173223869	6878.137	5676.9780285258585	144.8127606691185
65.0834	panels	6860.300123512529	350.0362881923591	350.0362881923591	0	0	-0.5336297377519192	-0.8457182172489949	0	0	0.5	24275.274890938457	3672.434218515018	-746.9800633055543	641.3637247653103	0	0	194.96501125787776	1141.860412917342	0	500	6878.137	0	45	0	0	4.127200049438202	4.127200049438202	0.07203322975116937	0.0011067834463349407	7.612608173223869	6878.137	5676.9780285258585	127.64071434157674
65.1834	panels	6860.245292828801	350.57318279445565	350.57318279445565	0	0	-0.554603740185226	-0.8321145902894376	0	0	0.5	24428.533871557724	2461.255827498744	-745.9619615507042	630.8179954757995	0	0	226.77616330438445	1141.8604304176438	0	500	6878.137	0	45	0	0	4.1335414514691955	4.1335414514691955	0.07214390809580286	0.0011067834463349407	7.612608173223869	6878.137	5676.9780285258585	110.39510208263084
65.2834	panels	6860.190378109154	351.11007310213716	351.11007310213716	0	0	-0.5752311333363039	-0.8179909188008334	0	0	0.5	24521.3991392662	1243.9212738669885	-744.9449432510045	618.6955515824866	0	0	258.0204928117451	1141.8604479172218	0	500	6878.137	0	45	0	0	4.139882853500188	4.139882853500188	0.07225458644043634	0.0011067834463349407	7.612608173223869	6878.137	5676.9780285258585	93.53808609186571
65.3834	panels	6860.135379354261	351.6469591088271	351.6469591088271	0	0	-0.5954990257559681	-0.8033560296180597	0	0	0.5	24553.63761754591	23.440208366833758	-743.9290087368362	605.0266928911777	0	0	288.61990532129835	1141.860465416062	0	500	6878.137	0	45	0	0	4.146224255531181	4.146224255531181	0.07236526478506983	0.0011067834463349407	7.612608173223869	6878.137	5676.9780285258585	77.68948188588635
65.4902	panels	6860.076547883657	352.2203486069717	352.2203486069717	0	0	-0.6167338332004257	-0.7871717595200616	0	0	0.5	24521.02636078245	-1280.1003586661209	-742.8451878858417	588.7592843250685	0	0	320.5015472726595	1141.8604841040142	0	500	6878.137	0	45	0	0	4.152996872901037	4.152996872901037	0.07248346925715156	0.0011067834463349407	7.612608173223869	6878.137	5676.9780285258585	63.73134831737312
65.5902	panels	6860.021375346013	352.75722569834767	352.75722569834767	0	0	-0.6362183579781592	-0.7715090414062399	0	0	0.5	24427.794275994787	-2497.515232265754	-741.8314956874128	572.0050889140099	0	0	349.52668501782466	1141.8605016013455	0	500	6878.137	0	45	0	0	4.15933827493203	4.15933827493203	0.07259414760178505	0.0011067834463349407	7.612608173223869	6878.137	5676.9780285258585	59.14055414853691
65.6902	panels	6859.966118775193	353.29409846855475	353.29409846855475	0	0	-0.6553052669945458	-0.7553641552583809	0	0	0.5	24274.156197734163	-3708.825496907719	-740.818888286957	553.8211805450154	0	0	377.67818822753173	1141.8605190979438	0	500	6878.137	0	45	0	0	4.165679676963022	4.165679676963022	0.07270482594641853	0.0011067834463349407	7.612608173223869	6878.137	5676.9780285258585	66.02452981286179
65.7902	panels	6859.910778171873	353.8309669110167	353.8309669110167	0	0	-0.6739826315528337	-0.7387471911047226	0	0	0.5	24060.488554366777	-4911.0357068065605	-739.8073660140869	534.2530095092769	0	0	404.8856928979886	1141.86053659382	0	500	6878.137	0	45	0	0	4.172021078994017	4.172021078994017	0.07281550429105202	0.0011067834463349407	7.612608173223869	6878.137	5676.9780285258585	82.52505727683085
65.8902	panels	6859.855353536731	354.36783101915677	354.36783101915677	0	0	-0.6922387789082242	-0.7216685340068881	0	0	0.5	23787.31622457024	-6101.172748173567	-738.7969291982363	513.3494860290925	0	0	431.08119452966275	1141.8605540889466	0	500	6878.137	0	45	0	0	4.17836248102501	4.17836248102501	0.07292618263568551	0.0011067834463349407	7.612608173223869	6878.137	5676.9780285258585	104.44644615604317
65.9902	panels	6859.7998448704475	354.9046907863988	354.9046907863988	0	0	-0.7100622995629577	-0.7041388575695595	0	0	0.5	23455.31124775389	-7276.293191747797	-737.7875781686453	491.16285800782026	0	0	456.19921810255823	1141.8605715833373	0	500	6878.137	0	45	0	0	4.184703883056003	4.184703883056003	0.073036860980319	0.0011067834463349407	7.612608173223869	6878.137	5676.9780285258585	128.2798691514521
66.0902	panels	6859.744252173701	355.4415462061661	355.4415462061661	0	0	-0.7274420543968786	-0.6861691172698237	0	0	0.5	23065.291170541634	-8433.490572330447	-736.7793132543707	467.74858043740556	0	0	480.1769817295934	1141.860589077027	0	500	6878.137	0	45	0	0	4.191045285086996	4.191045285086996	0.07314753932495248	0.0011067834463349407	7.612608173223869	6878.137	5676.9780285258585	151.0019526719151
66.1902	panels	6859.688575447174	355.97839727188256	355.97839727188256	0	0	-0.7443671816290213	-0.667770543610354	0	0	0.5	22618.217033386765	-9569.902577319746	-735.7721347842803	443.16517678976334	0	0	502.9545535787395	1141.8606065699637	0	500	6878.137	0	45	0	0	4.197386687117989	4.197386687117989	0.07325821766958597	0.0011067834463349407	7.612608173223869	6878.137	5676.9780285258585	171.2011980792484
66.2902	panels	6859.6328146915475	356.515243976972	356.515243976972	0	0	-0.7608271036058715	-0.6489546351007138	0	0	0.5	22115.191002277803	-10682.718126467225	-734.7660430870526	417.47409273875707	0	0	524.4750016704493	1141.8606240621828	0	500	6878.137	0	45	0	0	4.203728089148982	4.203728089148982	0.07336889601421946	0.0011067834463349407	7.612608173223869	6878.137	5676.9780285258585	169.54193238913746
66.3902	panels	6859.576969907504	357.05208631485795	357.05208631485795	0	0	-0.7768115334120541	-0.6297331510711607	0	0	0.5	21557.453651371867	-11769.184325344308	-733.7610384911674	390.7395425779765	0	0	544.6845361784606	1141.86064155365	0	500	6878.137	0	45	0	0	4.210069491179976	4.210069491179976	0.07347957435885294	0.0011067834463349407	7.612608173223869	6878.137	5676.9780285258585	148.313667194588
66.4739	panels	6859.530163224019	357.5014199893852	357.5014199893852	0	0	-0.7898176785364044	-0.6133416948743703	0	0	0.5	21049.562653955218	-12656.34334597607	-732.9206856299052	367.60903080870276	0	0	560.5552827444748	1141.8606561934623	0	500	6878.137	0	45	0	0	4.215377244679159	4.215377244679159	0.07357221213329794	0.0011067834463349407	7.612608173223869	6878.137	5676.9780285258585	127.9875919264636
66.5739	panels	6859.474164081558	358.0382542875827	358.0382542875827	0	0	-0.8049028184961939	-0.5934066504319641	0	0	0.5	20395.002006584724	-13687.453597949798	-731.9176788945588	339.13353800634644	0	0	578.2275127879745	1141.8606736836164	0	500	6878.137	0	45	0	0	4.221718646710152	4.221718646710152	0.07368289047793143	0.0011067834463349407	7.612608173223869	6878.137	5676.9780285258585	101.1678529432404
66.6739	panels	6859.418080912625	358.5750841999204	358.5750841999204	0	0	-0.8194849203984153	-0.573100746151672	0	0	0.5	19689.974679371255	-14684.780335269828	-730.9157601914807	309.8103895546805	0	0	594.4544761969927	1141.8606911730055	0	500	6878.137	0	45	0	0	4.2280600487411455	4.2280600487411455	0.07379356882256492	0.0011067834463349407	7.612608173223869	6878.137	5676.9780285258585	73.73922409984773
66.7739	panels	6859.361913717906	359.11190971982245	359.11190971982245	0	0	-0.8335548709041066	-0.5524366725626009	0	0	0.5	18936.22102090849	-15645.85564458425	-729.9149298484322	279.71287800109445	0	0	609.1956140912961	1141.8607086616746	0	500	6878.137	0	45	0	0	4.234401450772139	4.234401450772139	0.07390424716719841	0.0011067834463349407	7.612608173223869	6878.137	5676.9780285258585	47.00755573616977
66.8739	panels	6859.305662498087	359.6487308407126	359.6487308407126	0	0	-0.8471038767522558	-0.5314273440380153	0	0	0.5	18135.601957632756	-16568.301107771982	-728.9151881929934	248.9162313935695	0	0	622.4140813780724	1141.8607261496154	0	500	6878.137	0	45	0	0	4.240742852803132	4.240742852803132	0.07401492551183189	0.0011067834463349407	7.612608173223869	6878.137	5676.9780285258585	24.891167690076756
66.9739	panels	6859.24932725386	360.18554755601525	360.18554755601525	0	0	-0.8601234702553022	-0.5100858907242743	0	0	0.5	17290.094399249483	-17449.833687712144	-727.9165355525577	217.49742524996375	0	0	634.0768388450846	1141.8607436368204	0	500	6878.137	0	45	0	0	4.247084254834125	4.247084254834125	0.07412560385646538	0.0011067834463349407	7.612608173223869	6878.137	5676.9780285258585	30.023808994977454
67.0739	panels	6859.192907985916	360.7223598591545	360.7223598591545	0	0	-0.8726055145911653	-0.4884256503349182	0	0	0.5	16401.786357134024	-18288.271378539914	-726.9189722543316	185.534990159467	0	0	644.1547357413323	1141.8607611233028	0	500	6878.137	0	45	0	0	4.253425656865119	4.253425656865119	0.07423628220109887	0.0011067834463349407	7.612608173223869	6878.137	5676.9780285258585	58.05584465629632
67.1739	panels	6859.136404694943	361.2591677435545	361.2591677435545	0	0	-0.8845422088884941	-0.4664601598150307	0	0	0.5	15472.871787760447	-19081.53860640573	-725.9224986253269	153.10881549709717	0	0	652.6225826386762	1141.8607786090429	0	500	6878.137	0	45	0	0	4.259767058896112	4.259767058896112	0.07434696054573237	0.0011067834463349407	7.612608173223869	6878.137	5676.9780285258585	91.2083263766846
67.2739	panels	6859.079817381634	361.79597120263935	361.79597120263935	0	0	-0.8959260931019573	-0.44420314688108975	0	0	0.5	14505.645173893943	-19827.67136737041	-724.9271149923741	120.2999497421589	0	0	659.4592143919656	1141.8607960940471	0	500	6878.137	0	45	0	0	4.2661084609271045	4.2661084609271045	0.07445763889036584	0.0011067834463349407	7.612608173223869	6878.137	5676.9780285258585	126.74832264272854
67.3739	panels	6859.023146046684	362.3327702298338	362.3327702298338	0	0	-0.9067500526745295	-0.4216685214415917	0	0	0.5	13502.495856930713	-20524.822089718808	-723.9328216821021	87.1903978993555	0	0	664.6475430408349	1141.8608135783252	0	500	6878.137	0	45	0	0	4.272449862958099	4.272449862958099	0.07456831723499933	0.0011067834463349407	7.612608173223869	6878.137	5676.9780285258585	162.6330074920687
67.4682	panels	6858.969628004157	362.8389676464683	362.8389676464683	0	0	-0.9164380018640048	-0.40017669689714636	0	0	0.5	12525.842594964175	-21135.808287208893	-722.9962022551288	55.766991877341205	0	0	668.018378358286	1141.8608300653318	0	500	6878.137	0	45	0	0	4.278429805074074	4.278429805074074	0.07467268691400179	0.0011067834463349407	7.612608173223869	6878.137	5676.9780285258585	166.59336767087768
67.5682	panels	6858.912793417141	363.3757580436986	363.3757580436986	0	0	-0.9261550052015893	-0.3771430847039944	0	0	0.5	11460.055751338474	-21732.962986932114	-722.0040283750463	22.310310477769757	0	0	669.9707082072164	1141.8608475481806	0	500	6878.137	0	45	0	0	4.284771207105067	4.284771207105067	0.07478336525863528	0.0011067834463349407	7.612608173223869	6878.137	5676.9780285258585	140.54297286463284
67.6682	panels	6858.855874810529	363.9125439896864	363.9125439896864	0	0	-0.935293191812337	-0.35387377036097384	0	0	0.5	10365.870980472642	-22276.416135165986	-721.0129457778576	0	11.202134174554924	0	670.2484618416808	1141.860865030299	0	500	6878.137	0	45	0	0	4.291112609136062	4.291112609136062	0.07489404360326878	0.0011067834463349407	7.612608173223869	6878.137	5676.9780285258585	119.44390904620194
67.7682	panels	6858.798872185018	364.4493254778562	364.4493254778562	0	0	-0.9438468506271142	-0.33038329643200565	0	0	0.5	9245.992095539046	-22764.820927021956	-720.0229547894616	0	44.68657850417949	0	668.8509450653567	1141.8608825116705	0	500	6878.137	0	45	0	0	4.297454011167054	4.297454011167054	0.07500472194790225	0.0011067834463349407	7.612608173223869	6878.137	5676.9780285258585	104.05017411990426
67.8682	panels	6858.741785541305	364.98610250163256	364.98610250163256	0	0	-0.9518106358876296	-0.3066863436985518	0	0	0.5	8103.1865925961465	-23196.966591646007	-719.0340557355587	0	78.05932892380483	0	665.7816509812117	1141.8608999923351	0	500	6878.137	0	45	0	0	4.303795413198047	4.303795413198047	0.07511540029253574	0.0011067834463349407	7.612608173223869	6878.137	5676.9780285258585	100.43968091762574
67.9682	panels	6858.684614880091	365.52287505444014	365.52287505444014	0	0	-0.9591795704873608	-0.2827977219846054	0	0	0.5	6940.2788113686765	-23571.781393468522	-718.0462489416686	0	111.23697102474812	0	661.0482512606239	1141.860917472251	0	500	6878.137	0	45	0	0	4.310136815229041	4.310136815229041	0.07522607863716924	0.0011067834463349407	7.612608173223869	6878.137	5676.9780285258585	112.40186427688613
68.0682	panels	6858.6273602020765	366.05964312970355	366.05964312970355	0	0	-0.9659490490820819	-0.25873236090103213	0	0	0.5	5760.142955105742	-23888.33528984853	-717.0595347331199	0	144.1365780690181	0	654.6625769679614	1141.8609349514377	0	500	6878.137	0	45	0	0	4.316478217260034	4.316478217260034	0.07533675698180273	0.0011067834463349407	7.612608173223869	6878.137	5676.9780285258585	134.22986870179588
68.1682	panels	6858.570021507962	366.59640672084765	366.59640672084765	0	0	-0.9721148409680547	-0.23450530051505009	0	0	0.5	4565.695986767802	-24145.842238523048	-716.0739134350499	0	176.67591826287844	0	646.6405889890597	1141.860952429882	0	500	6878.137	0	45	0	0	4.322819619291027	4.322819619291027	0.0754474353264362	0.0011067834463349407	7.612608173223869	6878.137	5676.9780285258585	160.6100652582092
68.2682	panels	6858.512598798449	367.1331658212973	367.1331658212973	0	0	-0.9776730927260807	-0.21013168195067708	0	0	0.5	3359.890419100535	-24343.6621491372	-715.0893853724008	0	208.77366029324725	0	637.002338137275	1141.860969907612	0	500	6878.137	0	45	0	0	4.329161021322021	4.329161021322021	0.0755581136710697	0.0011067834463349407	7.612608173223869	6878.137	5676.9780285258585	169.16400903258926
68.3682	panels	6858.455092074243	367.6699204244773	367.6699204244773	0	0	-0.9826203306297628	-0.18562673792602116	0	0	0.5	2145.707016415888	-24481.3024740107	-714.1059508699535	0	240.34957661350256	0	625.7719150368353	1141.8609873845912	0	500	6878.137	0	45	0	0	4.335502423353014	4.335502423353014	0.07566879201570319	0.0011067834463349407	7.612608173223869	6878.137	5676.9780285258585	136.7186219969352
68.4682	panels	6858.397501336047	368.2066705238125	368.2066705238125	0	0	-0.9869534628164701	-0.16100578323333262	0	0	0.5	926.14742612186	-24558.419434188825	-713.1236102522704	0	271.3247439701459	0	612.9773899087558	1141.8610048608396	0	500	6878.137	0	45	0	0	4.3418438253840055	4.3418438253840055	0.07577947036033665	0.0011067834463349407	7.612608173223869	6878.137	5676.9780285258585	107.11095971422039
68.5682	panels	6858.339826584567	368.7434161127279	368.7434161127279	0	0	-0.9906697812196547	-0.13628420516773773	0	0	0.5	-295.7732417868774	-24574.818877725727	-712.1423638437332	0	301.62174066975456	0	598.650742409893	1141.8610223363557	0	500	6878.137	0	45	0	0	4.348185227415	4.348185227415	0.07589014870497014	0.0011067834463349407	7.612608173223869	6878.137	5676.9780285258585	84.92746385101286
68.6682	panels	6858.282067820509	369.2801571846486	369.2801571846486	0	0	-0.9937669632612999	-0.11147745391070973	0	0	0.5	-1517.0338689281944	-24530.456768059124	-711.1622119685343	0	331.16484009255237	0	582.8277817004414	1141.8610398111423	0	500	6878.137	0	45	0	0	4.354526629445993	4.354526629445993	0.07600082704960363	0.0011067834463349407	7.612608173223869	6878.137	5676.9780285258585	70.52118303387283
68.7682	panels	6858.2242250445815	369.8168937329997	369.8168937329997	0	0	-0.9962430733034604	-0.0866010328741888	0	0	0.5	-2734.614797998519	-24425.439301248203	-710.1831549506787	0	359.88019996946224	0	565.5480569396906	1141.8610572851865	0	500	6878.137	0	45	0	0	4.360868031476986	4.360868031476986	0.07611150539423713	0.0011067834463349407	7.612608173223869	6878.137	5676.9780285258585	62.13523295494147
68.8682	panels	6858.166298257492	370.35362575120627	370.35362575120627	0	0	-0.9980965638579705	-0.06167048901145907	0	0	0.5	-3945.5052990339655	-24260.022651765517	-709.2051931139804	0	387.6960469488983	0	546.8547584336966	1141.8610747584876	0	500	6878.137	0	45	0	0	4.367209433507979	4.367209433507979	0.0762221837388706	0.0011067834463349407	7.612608173223869	6878.137	5676.9780285258585	60.298381576886385
68.9682	panels	6858.108287459951	370.89035323269354	370.89035323269354	0	0	-0.9993262765535749	-0.036701403100809105	0	0	0.5	-5146.711014007677	-24034.61234745115	-708.2283267820635	0	414.5428559924956	0	526.7946096820455	1141.8610922310731	0	500	6878.137	0	45	0	0	4.373550835538972	4.373550835538972	0.0763328620835041	0.0011067834463349407	7.612608173223869	6878.137	5676.9780285258585	67.11482616718408
69.0682	panels	6858.050192652668	371.4270761708867	371.4270761708867	0	0	-0.9999314428598728	-0.011709380008052673	0	0	0.5	-6335.261361355346	-23749.762275154186	-707.2525562783586	0	440.353524151629	0	505.4177505934623	1141.861109702899	0	500	6878.137	0	45	0	0	4.379892237569965	4.379892237569965	0.07644354042813759	0.0011067834463349407	7.612608173223869	6878.137	5676.9780285258585	81.83920868437987
69.1682	panels	6857.992013836355	371.96379455921124	371.96379455921124	0	0	-0.9999116845676244	0.01328996106600439	0	0	0.5	-7508.216882118799	-23406.173319500813	-706.2778819261247	0	465.0635382890358	0	482.7776121622187	1141.8611271740276	0	500	6878.137	0	45	0	0	4.38623363960096	4.38623363960096	0.07655421877277108	0.0011067834463349407	7.612608173223869	6878.137	5676.9780285258585	101.27008750451638
69.2682	panels	6857.933751011725	372.5005083910922	372.5005083910922	0	0	-0.9992670140251189	0.03828099634705617	0	0	0.5	-8662.67650954121	-23004.69163813482	-705.3043040484108	0	488.61113632853124	0	458.9307829184482	1141.8611446443872	0	500	6878.137	0	45	0	0	4.392575041631952	4.392575041631952	0.07666489711740455	0.0011067834463349407	7.612608173223869	6878.137	5676.9780285258585	122.31181905489191
69.3682	panels	6857.875404179492	373.0372176599553	373.0372176599553	0	0	-0.9979978341304575	0.06324810725164697	0	0	0.5	-9795.784744136006	-22546.306577674488	-704.3318229680873	0	510.93746162708885	0	433.9368674864591	1141.8611621140228	0	500	6878.137	0	45	0	0	4.398916443662945	4.398916443662945	0.07677557546203805	0.0011067834463349407	7.612608173223869	6878.137	5676.9780285258585	142.5596116237171
69.4682	panels	6857.81697334037	373.5739223592254	373.5739223592254	0	0	-0.9961049380797586	0.08817569014825134	0	0	0.5	-10904.738716482552	-22032.14823552164	-703.3604390078253	0	531.9867100860571	0	407.8583376042385	1141.8611795829222	0	500	6878.137	0	45	0	0	4.405257845693932	4.405257845693932	0.07688625380667143	0.0011067834463349407	7.612608173223869	6878.137	5676.9780285258585	161.51643238039236
69.5682	panels	6857.758458495076	374.110622482329	374.110622482329	0	0	-0.9935895088714254	0.11304816610914059	0	0	0.5	-11986.795120287003	-21463.484673526407	-702.3901524901142	0	551.7062696319858	0	380.76037597666095	1141.8611970510954	0	500	6878.137	0	45	0	0	4.411599247724926	4.411599247724926	0.07699693215130492	0.0011067834463349407	7.612608173223869	6878.137	5676.9780285258585	178.7777186457761
69.6682	panels	6857.699859644325	374.64731802269125	374.64731802269125	0	0	-0.9904531185668238	0.13784999064654813	0	0	0.5	-13039.27699854228	-20841.718790388983	-701.4209637372506	0	570.0468517192269	0	352.71071335288116	1141.8612145185239	0	500	6878.137	0	45	0	0	4.417940649755918	4.417940649755918	0.0771076104959384	0.0011067834463349407	7.612608173223869	6878.137	5676.9780285258585	156.19215384364216
69.7682	panels	6857.641176788838	375.18400897373766	375.18400897373766	0	0	-0.9866977273077876	0.16256566342757323	0	0	0.5	-14059.580366022803	-20168.38486049978	-700.4528730713467	0	586.9626145253093	0	323.7794592347989	1141.861231985218	0	500	6878.137	0	45	0	0	4.424282051786912	4.424282051786912	0.07721828884057189	0.0011067834463349407	7.612608173223869	6878.137	5676.9780285258585	130.64347723738055
69.8682	panels	6857.582409929329	375.7206953288942	375.7206953288942	0	0	-0.9823256820915951	0.18717973796135812	0	0	0.5	-15045.180651715244	-19445.14474776723	-699.4858808143094	0	602.4112775315257	0	294.03892663991877	1141.861249451175	0	500	6878.137	0	45	0	0	4.430623453817906	4.430623453817906	0.07732896718520538	0.0011067834463349407	7.612608173223869	6878.137	5676.9780285258585	103.83753773086175
69.9682	panels	6857.523559066522	376.25737708158636	376.25737708158636	0	0	-0.9773397153041724	0.21167683125264203	0	0	0.5	-15993.638945252194	-18673.783803773094	-698.519987287865	0	616.3542272019898	0	263.5634513566022	1141.8612669163947	0	500	6878.137	0	45	0	0	4.436964855848899	4.436964855848899	0.07743964552983887	0.0011067834463349407	7.612608173223869	6878.137	5676.9780285258585	78.25061888654416
70.0682	panels	6857.464624201134	376.79405422524	376.79405422524	0	0	-0.9717429430124412	0.23604163341563236	0	0	0.5	-16902.608031893855	-17856.206460380392	-697.5551928135637	0	628.7566134971727	0	232.42920614344743	1141.8612843808799	0	500	6878.137	0	45	0	0	4.443306257879891	4.443306257879891	0.07755032387447235	0.0011067834463349407	7.612608173223869	6878.137	5676.9780285258585	56.29752220907338
70.1682	panels	6857.405605333892	377.3307267532811	377.3307267532811	0	0	-0.9655388630168781	0.26025891724218486	0	0	0.5	-17769.838201124556	-16994.43152767518	-696.5914977127495	0	639.5874369806623	0	200.71401033720707	1141.8613018446265	0	500	6878.137	0	45	0	0	4.449647659910885	4.449647659910885	0.07766100221910584	0.0011067834463349407	7.612608173223869	6878.137	5676.9780285258585	40.17402928004329
70.2682	panels	6857.346502465515	377.8673946591356	377.8673946591356	0	0	-0.9587313526655038	0.2843135477183132	0	0	0.5	-18593.18281449045	-16090.587208851673	-695.6289023065733	0	648.8196263014166	0	168.4971353451559	1141.8613193076499	0	500	6878.137	0	45	0	0	4.455989061941879	4.455989061941879	0.07777168056373933	0.0011067834463349407	7.612608173223869	6878.137	5676.9780285258585	32.5925831259289
70.3682	panels	6857.287315596728	378.4040579362293	378.4040579362293	0	0	-0.9513246664306662	0.30819049148307953	0	0	0.5	-19370.603618898727	-15146.905844350607	-694.667406916007	0	656.4301058579799	0	135.8591065079236	1141.861336769929	0	500	6878.137	0	45	0	0	4.462330463972872	4.462330463972872	0.07788235890837282	0.0011067834463349407	7.612608173223869	6878.137	5676.9780285258585	35.76097036154117
70.4681	panels	6857.228104041063	378.94017992185576	378.94017992185576	0	0	-0.943331729822903	0.33185124304321933	0	0	0.5	-20099.47073208575	-14166.71752030391	-693.7079717068095	0	662.3947085849318	0	102.91462166497668	1141.8613542139972	0	500	6878.137	0	45	0	0	4.4686655246040985	4.4686655246040985	0.0779929265747012	0.0011067834463349407	7.612608173223869	6878.137	5676.9780285258585	48.21271599788653
70.5681	panels	6857.16874925763	379.4768339263515	379.4768339263515	0	0	-0.9347415371324894	0.35532838158412144	0	0	0.5	-20779.43816579504	-13150.481664582825	-692.7486762087748	0	666.7104647901148	0	69.6800836515173	1141.8613716748118	0	500	6878.137	0	45	0	0	4.475006926635092	4.475006926635092	0.07810360491933468	0.0011067834463349407	7.612608173223869	6878.137	5676.9780285258585	67.98607538350647
70.6681	panels	6857.109310475967	380.01348328237134	380.01348328237134	0	0	-0.9255671614123208	0.3785834514544171	0	0	0.5	-21408.06800811653	-12101.67171314194	-691.7904816877858	0	669.3597936218563	0	36.271382735621785	1141.8613891348664	0	500	6878.137	0	45	0	0	4.481348328666084	4.481348328666084	0.07821428326396816	0.0011067834463349407	7.612608173223869	6878.137	5676.9780285258585	94.22750254133739
70.7681	panels	6857.049787696799	380.55012798334155	380.55012798334155	0	0	-0.915814336348546	0.40160191899251696	0	0	0.5	-21983.803014633988	-11022.878971831997	-690.8333884640358	0	670.336073186601	0	2.772023190903737	1141.8614065942077	0	500	6878.137	0	45	0	0	4.487689730697078	4.487689730697078	0.07832496160860165	0.0011067834463349407	7.612608173223869	6878.137	5676.9780285258585	125.33078595810993
70.8681	panels	6856.990180920857	381.0867680226884	381.0867680226884	0	0	-0.9054891571393223	0.42436939840558685	0	0	0.5	-22505.21663452017	-9916.769025671034	-689.8773968575583	0	669.6368633387459	30.734264112194012	0	1141.8614240527988	0	500	6878.137	0	45	0	0	4.494031132728072	4.494031132728072	0.07843563995323515	0.0011067834463349407	7.612608173223869	6878.137	5676.9780285258585	157.8360108676941
70.9681	panels	6856.930490148869	381.62340339383826	381.62340339383826	0	0	-0.8945980766855142	0.4468716607601997	0	0	0.5	-22971.016544954487	-8786.075152389902	-688.9225071881683	0	667.2639117794007	64.16373098946909	0	1141.8614415106547	0	500	6878.137	0	45	0	0	4.500372534759065	4.500372534759065	0.07854631829786864	0.0011067834463349407	7.612608173223869	6878.137	5676.9780285258585	172.28178416370693
71.0681	panels	6856.870715381568	382.1600340902174	382.1600340902174	0	0	-0.883147901557841	0.4690946428749556	0	0	0.5	-23380.04785386101	-7633.591568248033	-687.9687197754984	0	663.2231496880297	97.43282126972018	0	1141.8614589677704	0	500	6878.137	0	45	0	0	4.5067139367900575	4.5067139367900575	0.07865699664250211	0.0011067834463349407	7.612608173223869	6878.137	5676.9780285258585	146.30601049271542
71.1681	panels	6856.810856619684	382.69666010525236	382.69666010525236	0	0	-0.8711457877429916	0.4910244561095126	0	0	0.5	-23731.29596302942	-6462.166522809081	-687.0160349389906	0	657.5246768974902	130.45837964139977	0	1141.8614764241656	0	500	6878.137	0	45	0	0	4.513055338821051	4.513055338821051	0.0787676749871356	0.0011067834463349407	7.612608173223869	6878.137	5676.9780285258585	122.15756765127405
71.2681	panels	6856.7509138639525	383.23328143236955	383.23328143236955	0	0	-0.8585992361713659	0.5126473950445345	0	0	0.5	-24023.889084521994	-5274.695259741666	-686.0644529978987	0	650.182736649674	163.15785949751404	0	1141.8614938797957	0	500	6878.137	0	45	0	0	4.519396740852045	4.519396740852045	0.0788783533317691	0.0011067834463349407	7.612608173223869	6878.137	5676.9780285258585	98.17133151336628
71.3681	panels	6856.690887115107	383.7698980649955	383.7698980649955	0	0	-0.8455160880292373	0.5339499460471319	0	0	0.5	-24257.10040412649	-4074.1128610418	-685.1139742712818	0	641.2156799946357	195.4495292586131	0	1141.8615113347016	0	500	6878.137	0	45	0	0	4.525738142883037	4.525738142883037	0.07898903167640257	0.0011067834463349407	7.612608173223869	6878.137	5676.9780285258585	75.23342134819828
71.4683	panels	6856.630656068249	384.30758321564105	384.30758321564105	0	0	-0.8318767728802715	0.5549603902462817	0	0	0.5	-24430.635990085102	-2860.957374798716	-684.162701433691	0	630.6231914983542	227.31574007414318	0	1141.8615288237756	0	500	6878.137	0	45	0	0	4.532092227717334	4.532092227717334	0.0790999313777121	0.0011067834463349407	7.612608173223869	6878.137	5676.9780285258585	56.20389777340653
71.5683	panels	6856.5704611674	384.8441904301428	384.8441904301428	0	0	-0.8177442603829863	0.575581727134108	0	0	0.5	-24543.370700736727	-1643.069660783125	-683.2144323004669	0	618.4740234681619	258.5496591404331	0	1141.8615462772013	0	500	6878.137	0	45	0	0	4.538433629748328	4.538433629748328	0.07921060972234559	0.0011067834463349407	7.612608173223869	6878.137	5676.9780285258585	45.08410104071776
71.6683	panels	6856.510182275648	385.38079293042017	385.38079293042017	0	0	-0.8031006843450128	0.5958433441808109	0	0	0.5	-24595.428828000775	-421.0481881562155	-682.2672673383963	0	604.7789943418486	289.1373385693972	0	1141.8615637298942	0	500	6878.137	0	45	0	0	4.544775031779321	4.544775031779321	0.07932128806697908	0.0011067834463349407	7.612608173223869	6878.137	5676.9780285258585	44.05135644632282
71.7683	panels	6856.449819393731	385.9173907098999	385.9173907098999	0	0	-0.7879551965246462	0.6157325785353625	0	0	0.5	-24586.678159261763	802.0858599306939	-681.3212068657617	0	589.5723345645787	319.00232518567475	0	1141.8615811818584	0	500	6878.137	0	45	0	0	4.551116433810314	4.551116433810314	0.07943196641161256	0.0011067834463349407	7.612608173223869	6878.137	5676.9780285258585	49.893902250634454
71.8683	panels	6856.389372522388	386.45398376200905	386.45398376200905	0	0	-0.7723172623587057	0.6352370000737947	0	0	0.5	-24517.136822206892	2023.3083778474265	-680.3762512006849	0	572.8920528662445	348.0699721697855	0	1141.861598633073	0	500	6878.137	0	45	0	0	4.557457835841308	4.557457835841308	0.07954264475624605	0.0011067834463349407	7.612608173223869	6878.137	5676.9780285258585	57.770677093075996
71.9683	panels	6856.32884166236	386.99057208017445	386.99057208017445	0	0	-0.7561966550469447	0.6543444191676218	0	0	0.5	-24386.97324841809	3239.5998142936896	-679.4324006610791	0	554.7798412593963	376.2676256358502	0	1141.861616083545	0	500	6878.137	0	45	0	0	4.563799237872301	4.563799237872301	0.07965332310087954	0.0011067834463349407	7.612608173223869	6878.137	5676.9780285258585	66.68894586882138
72.0683	panels	6856.268226814388	387.52715565782285	387.52715565782285	0	0	-0.739603449444119	0.673042894301961	0	0	0.5	-24196.50576534393	4447.952638259347	-678.4896555646611	0	535.2809708309704	403.52480622838544	0	1141.8616335332829	0	500	6878.137	0	45	0	0	4.570140639903294	4.570140639903294	0.07976400144551303	0.0011067834463349407	7.612608173223869	6878.137	5676.9780285258585	79.9282574141965
72.1683	panels	6856.207527979215	388.0637344883815	388.0637344883815	0	0	-0.7225480157635308	0.6913207395385911	0	0	0.5	-23946.20181763974	5645.378775676312	-677.5480162289673	0	514.444178588152	429.773385283671	0	1141.8616509822918	0	500	6878.137	0	45	0	0	4.576482041934287	4.576482041934287	0.07987467979014651	0.0011067834463349407	7.612608173223869	6878.137	5676.9780285258585	100.6855917717453
72.2683	panels	6856.1467451575845	388.6003085652774	388.6003085652774	0	0	-0.7050410130959827	0.7091665318192832	0	0	0.5	-23636.676819781365	6828.916998374207	-676.6074829713359	0	492.3215456412765	454.94775511584857	0	1141.8616684305528	0	500	6878.137	0	45	0	0	4.58282344396528	4.58282344396528	0.07998535813478	0.0011067834463349407	7.612608173223869	6878.137	5676.9780285258585	127.68164513670384
72.3683	panels	6856.085878350241	389.1368778819376	389.1368778819376	0	0	-0.6870933827481931	0.7265691181048402	0	0	0.5	-23268.692642769445	7995.64024706807	-675.6680561089167	0	468.96836702823214	478.98499300152196	0	1141.8616858780722	0	500	6878.137	0	45	0	0	4.589164845996274	4.589164845996274	0.08009603647941349	0.0011067834463349407	7.612608173223869	6878.137	5676.9780285258585	156.414538302051
72.4686	panels	6856.024744579191	389.6750521183246	389.6750521183246	0	0	-0.6686605757002356	0.7435677739817869	0	0	0.5	-22841.79355805221	9146.071435591914	-674.72692266347	0	444.3677347706151	501.89167921051796	0	1141.8617033771986	0	500	6878.137	0	45	0	0	4.595525272234115	4.595525272234115	0.08020704685909405	0.0011067834463349407	7.612608173223869	6878.137	5676.9780285258585	177.11371902754937
72.5686	panels	6855.963709550707	390.21161188046517	390.21161188046517	0	0	-0.6498643721794451	0.7600501942449694	0	0	0.5	-22359.584934067294	10270.48449898922	-673.7897128637225	0	418.7282693498282	523.4735584723045	0	1141.8617208232297	0	500	6878.137	0	45	0	0	4.601866674265108	4.601866674265108	0.08031772520372754	0.0011067834463349407	7.612608173223869	6878.137	5676.9780285258585	154.47601637289972
72.6686	panels	6855.902590538753	390.7481668626322	390.7481668626322	0	0	-0.6306620245826844	0.7760576078805423	0	0	0.5	-21822.06471899323	11369.570031311545	-672.8536104104355	0	392.0422030304484	543.7470272303684	0	1141.86173826854	0	500	6878.137	0	45	0	0	4.608208076296101	4.608208076296101	0.08042840354836103	0.0011067834463349407	7.612608173223869	6878.137	5676.9780285258585	134.19051758659052
72.7686	panels	6855.841387544076	391.28471705825285	391.28471705825285	0	0	-0.61106553375206	0.7915800107761123	0	0	0.5	-21230.558713509414	12440.60912770349	-671.9186156199828	0	364.3762370396071	562.6614124553954	0	1141.8617557130895	0	500	6878.137	0	45	0	0	4.614549478327095	4.614549478327095	0.08053908189299451	0.0011067834463349407	7.612608173223869	6878.137	5676.9780285258585	114.69122721686638
72.8686	panels	6855.780100567426	391.8212624607548	391.8212624607548	0	0	-0.5910871468563679	0.8066077019352088	0	0	0.5	-20586.526270740782	13480.952071897156	-670.9847288085743	0	335.79952183924706	580.1694381166618	0	1141.8617731569364	0	500	6878.137	0	45	0	0	4.620890880358088	4.620890880358088	0.080649760237628	0.0011067834463349407	7.612608173223869	6878.137	5676.9780285258585	96.95915213552475
72.9686	panels	6855.718729609555	392.3578030635655	392.3578030635655	0	0	-0.5707393497370121	0.821131289540091	0	0	0.5	-19891.55669558587	14488.024891342862	-670.0519502922023	0	306.38348428582526	596.2273433479385	0	1141.8617906000059	0	500	6878.137	0	45	0	0	4.627232282389081	4.627232282389081	0.08076043858226149	0.0011067834463349407	7.612608173223869	6878.137	5676.9780285258585	84.85807280785454
73.0686	panels	6855.6572746712145	392.8943388601122	392.8943388601122	0	0	-0.5500348591047601	0.835141696821328	0	0	0.5	-19147.36532255105	15459.335725431525	-669.120280386674	0	276.20164910079825	610.794991825997	0	1141.8618080423496	0	500	6878.137	0	45	0	0	4.633573684420075	4.633573684420075	0.08087111692689498	0.0011067834463349407	7.612608173223869	6878.137	5676.9780285258585	84.1084698347096
73.1686	panels	6855.595735753156	393.4308698438228	393.4308698438228	0	0	-0.5289866145922126	0.8486301677304845	0	0	0.5	-18355.789281769485	16392.48099105268	-668.1897194076032	0	245.32945509701676	623.8359720907952	0	1141.8618254839525	0	500	6878.137	0	45	0	0	4.639915086451067	4.639915086451067	0.08098179527152846	0.0011067834463349407	7.612608173223869	6878.137	5676.9780285258585	97.80418177958836
73.2686	panels	6855.534112856135	393.96739600812487	393.96739600812487	0	0	-0.5076077706669542	0.8615882724123657	0	0	0.5	-17518.782963656726	17285.151330234108	-667.2602676704153	0	213.8440666212164	635.3176885547912	0	1141.8618429248168	0	500	6878.137	0	45	0	0	4.646256488482061	4.646256488482061	0.08109247361616195	0.0011067834463349407	7.612608173223869	6878.137	5676.9780285258585	120.80446570753972
73.3686	panels	6855.472405980905	394.50391734644614	394.50391734644614	0	0	-0.48591168841044	0.8740079124734029	0	0	0.5	-16638.41319339946	18135.13732514562	-666.3319254903444	0	181.82418068349043	645.211442974759	0	1141.8618603649445	0	500	6878.137	0	45	0	0	4.6525978905130545	4.6525978905130545	0.08120315196079544	0.0011067834463349407	7.612608173223869	6878.137	5676.9780285258585	143.92113044289852
73.4653	panels	6855.412655566262	395.02272888463455	395.02272888463455	0	0	-0.46464262129533007	0.8854982972743678	0	0	0.5	-15747.899226932706	18914.499225737003	-665.4352741368381	0	150.42788861660185	653.2451899067595	0	1141.861877228841	0	500	6878.137	0	45	0	0	4.658730026276268	4.658730026276268	0.08131017792004282	0.0011067834463349407	7.612608173223869	6878.137	5676.9780285258585	162.76658576072072
73.5653	panels	6855.350783508103	395.5592407110735	395.5592407110735	0	0	-0.44236227659275784	0.8968364489959542	0	0	0.5	-14788.673777402531	19674.489527270878	-664.5091153747321	0	117.59125594357782	659.9470531360138	0	1141.861894667502	0	500	6878.137	0	45	0	0	4.665071428307261	4.665071428307261	0.08142085626467631	0.0011067834463349407	7.612608173223869	6878.137	5676.9780285258585	178.93768964454733
73.6653	panels	6855.28882747398	396.0957476920321	396.0957476920321	0	0	-0.4198054698686282	0.9076141071338526	0	0	0.5	-13792.827839739273	20385.880315401042	-663.5840671039075	0	84.46070749947664	664.9993939195139	0	1141.8619121054523	0	500	6878.137	0	45	0	0	4.671412830338255	4.671412830338255	0.0815315346093098	0.0011067834463349407	7.612608173223869	6878.137	5676.9780285258585	167.0533632168969
73.7653	panels	6855.226787464653	396.63224982093806	396.63224982093806	0	0	-0.3969862983927963	0.9178245360025988	0	0	0.5	-12762.821461092455	21046.909910524304	-662.6601296388343	0	51.11905232514068	668.3895840911259	0	1141.861929542621	0	500	6878.137	0	45	0	0	4.677754232369248	4.677754232369248	0.08164221295394328	0.0011067834463349407	7.612608173223869	6878.137	5676.9780285258585	154.55379628047214
73.8653	panels	6855.164663480884	397.16874709121976	397.16874709121976	0	0	-0.3739190234045455	0.9274613544165552	0	0	0.5	-11701.199287982177	21655.94104692562	-661.737303293779	0	17.64962711592081	670.1091499915274	0	1141.8619469790704	0	500	6878.137	0	45	0	0	4.684095634400241	4.684095634400241	0.08175289129857677	0.0011067834463349407	7.612608173223869	6878.137	5676.9780285258585	143.87119547532959
73.9653	panels	6855.102455523431	397.70523949630496	397.70523949630496	0	0	-0.35061806119977756	0.9365185396779443	0	0	0.5	-10610.584279628765	22211.464927762438	-660.8155883828488	15.863912076836288	0	670.153793648122	0	1141.8619644147766	0	500	6878.137	0	45	0	0	4.690437036431234	4.690437036431234	0.08186356964321026	0.0011067834463349407	7.612608173223869	6878.137	5676.9780285258585	137.13630289101704
74.0653	panels	6855.040163593057	398.2417270296219	398.2417270296219	0	0	-0.3270979741212965	0.9449904313408385	0	0	0.5	-9493.671227313798	22712.10496264634	-659.8949852199281	49.3377989420059	0	668.5234035175233	0	1141.8619818497416	0	500	6878.137	0	45	0	0	4.6967784384622275	4.6967784384622275	0.08197424798784375	0.0011067834463349407	7.612608173223869	6878.137	5676.9780285258585	137.03431617672558
74.1653	panels	6854.9777876905255	398.7782096845987	398.7782096845987	0	0	-0.3033734614578188	0.952871734748755	0	0	0.5	-8353.220095785355	23156.62017856427	-658.9754941187159	82.68836628061116	0	665.2220547642249	0	1141.861999283971	0	500	6878.137	0	45	0	0	4.703119840493221	4.703119840493221	0.08208492633247723	0.0011067834463349407	7.612608173223869	6878.137	5676.9780285258585	144.06109366142314
74.2653	panels	6854.9153278165995	399.31468745466384	399.31468745466384	0	0	-0.2794593502573965	0.9601575243436434	0	0	0.5	-7192.049203160568	23543.90829568817	-658.0571153927233	115.83225513020452	0	660.257999074827	0	1141.8620167174463	0	500	6878.137	0	45	0	0	4.709461242524214	4.709461242524214	0.08219560467711072	0.0011067834463349407	7.612608173223869	6878.137	5676.9780285258585	155.60040062543038
74.3653	panels	6854.8527839720455	399.8511603332454	399.8511603332454	0	0	-0.25537058606099455	0.9668432467441993	0	0	0.5	-6013.028256177928	23873.008460450095	-657.1398493552676	148.6866231182854	0	653.6436440328192	0	1141.8620341501962	0	500	6878.137	0	45	0	0	4.7158026445552075	4.7158026445552075	0.08230628302174421	0.0011067834463349407	7.612608173223869	6878.137	5676.9780285258585	167.8245630686704
74.4597	panels	6854.79366553473	400.3575862363123	400.3575862363123	0	0	-0.23248409121634386	0.9726001991215665	0	0	0.5	-4886.2772413146	24129.55008040342	-656.2749714654763	179.3615372815467	0	645.9002658838752	0	1141.8620506060186	0	500	6878.137	0	45	0	0	4.721788928070952	4.721788928070952	0.08241076337905182	0.0011067834463349407	7.612608173223869	6878.137	5676.9780285258585	178.05451630611054
74.5597	panels	6854.730958453468	400.89404958704466	400.89404958704466	0	0	-0.2080989715570917	0.9781077742441683	0	0	0.5	-3680.9278998588607	24343.326135880776	-655.3598693903904	211.41892227390696	0	636.1287153065628	0	1141.862068037318	0	500	6878.137	0	45	0	0	4.728130330101945	4.728130330101945	0.0825214417236853	0.0011067834463349407	7.612608173223869	6878.137	5676.9780285258585	173.09862383636226
74.6597	panels	6854.6681674038355	401.430508026947	401.430508026947	0	0	-0.18358379681537676	0.9830040638506286	0	0	0.5	-2466.406910352497	24496.927693719805	-654.4458809251277	242.94786978587715	0	624.7671760806642	0	1141.8620854678738	0	500	6878.137	0	45	0	0	4.734471732132938	4.734471732132938	0.08263212006831878	0.0011067834463349407	7.612608173223869	6878.137	5676.9780285258585	166.37665169858656
74.7597	panels	6854.605292386601	401.9669615494476	401.9669615494476	0	0	-0.15895388817730952	0.9872860079193443	0	0	0.5	-1245.7165419022276	24589.971501099677	-653.5330063822347	273.8695739614458	0	611.8440461488802	0	1141.8621028976918	0	500	6878.137	0	45	0	0	4.740813134163932	4.740813134163932	0.08274279841295228	0.0011067834463349407	7.612608173223869	6878.137	5676.9780285258585	161.79491545887288
74.8597	panels	6854.542333402537	402.5034101479751	402.5034101479751	0	0	-0.13422463853395045	0.9909509303746733	0	0	0.5	-21.87448821963062	24622.224006582986	-652.6212460740995	304.1067467371255	0	597.3916266127563	0	1141.8621203267783	0	500	6878.137	0	45	0	0	4.747154536194925	4.747154536194925	0.08285347675758577	0.0011067834463349407	7.612608173223869	6878.137	5676.9780285258585	159.07483623108163
74.9597	panels	6854.479290452413	403.03985381595817	403.03985381595817	0	0	-0.10941150286125424	0.9939965407593941	0	0	0.5	1202.093592436382	24593.60194596685	-651.7106003128816	333.58381102179493	0	581.4460409967575	0	1141.8621377551003	0	500	6878.137	0	45	0	0	4.753495938225917	4.753495938225917	0.08296415510221924	0.0011067834463349407	7.612608173223869	6878.137	5676.9780285258585	157.92182405695405
75.0597	panels	6854.416163537002	403.5762925468257	403.5762925468257	0	0	-0.08452998856121295	0.9964209356661679	0	0	0.5	2423.1615574221614	24504.172556598223	-650.8010694105618	362.22708959946004	0	564.0471449582207	0	1141.8621551826982	0	500	6878.137	0	45	0	0	4.759837340256911	4.759837340256911	0.08307483344685274	0.0011067834463349407	7.612608173223869	6878.137	5676.9780285258585	158.74151736692016
75.1597	panels	6854.352952657077	404.11272633400625	404.11272633400625	0	0	-0.059595645770234656	0.9982225999271049	0	0	0.5	3638.3102614833115	24354.153419605238	-649.8926536789248	389.96498928416827	0	545.2384266690259	0	1141.8621726095448	0	500	6878.137	0	45	0	0	4.766178742287905	4.766178742287905	0.08318551179148623	0.0011067834463349407	7.612608173223869	6878.137	5676.9780285258585	162.7213127747104
75.2597	panels	6854.289657813412	404.6491551709288	404.6491551709288	0	0	-0.03462405764081438	0.9994004075606961	0	0	0.5	4844.535021643442	24143.911930412312	-648.9853534295652	416.7281798650478	0	525.0668981177985	0	1141.8621900356625	0	500	6878.137	0	45	0	0	4.772520144318898	4.772520144318898	0.08329619013611972	0.0011067834463349407	7.612608173223869	6878.137	5676.9780285258585	170.39746484327657
75.3597	panels	6854.2262790067825	405.18557905102216	405.18557905102216	0	0	-0.009630830602571177	0.9999536224755149	0	0	0.5	6038.85304675031	23873.964398829823	-648.0791689738858	442.4497673958309	0	503.58297760445004	0	1141.8622074610164	0	500	6878.137	0	45	0	0	4.778861546349891	4.778861546349891	0.0834068684807532	0.0011067834463349407	7.612608173223869	6878.137	5676.9780285258585	179.41763355841167
75.469	panels	6854.156909933149	405.7718846745364	405.7718846745364	0	0	0.017693097176883606	0.9998434649045268	0	0	0.5	7327.141359886543	23511.40551749692	-647.0899860028601	469.296309824874	0	478.6633191878396	0	1141.8622265060988	0	500	6878.137	0	45	0	0	4.78579269877052	4.78579269877052	0.08352783991145075	0.0011067834463349407	7.612608173223869	6878.137	5676.9780285258585	167.64382325159758
75.569	panels	6854.093355394551	406.3082981587172	406.3082981587172	0	0	0.042681051235651746	0.9990887487432834	0	0	0.5	8487.021877806028	23118.814486196006	-646.1861379104422	492.6329891388086	0	454.61008146804767	0	1141.862243929905	0	500	6878.137	0	45	0	0	4.792134100801513	4.792134100801513	0.08363851825608423	0.0011067834463349407	7.612608173223869	6878.137	5676.9780285258585	157.67605965541745
75.669	panels	6854.029716895392	406.8447066657449	406.8447066657449	0	0	0.06764233102689941	0.9977096346398823	0	0	0.5	9625.987292478094	22669.041285443698	-645.2834065736379	514.7383431877912	0	429.42055705530237	0	1141.862261352962	0	500	6878.137	0	45	0	0	4.798475502832506	4.798475502832506	0.08374919660071772	0.0011067834463349407	7.612608173223869	6878.137	5676.9780285258585	148.63449029473
75.769	panels	6853.965994436453	407.38111018904885	407.38111018904885	0	0	0.09256133656338333	0.9957069844957401	0	0	0.5	10741.220418530706	22163.194614389995	-644.3817923030673	535.5571201856751	0	403.1577066075157	0	1141.8622787752956	0	500	6878.137	0	45	0	0	4.804816904863499	4.804816904863499	0.08385987494535121	0.0011067834463349407	7.612608173223869	6878.137	5676.9780285258585	140.92408697334568
75.869	panels	6853.902188018514	407.9175087220579	407.9175087220579	0	0	0.11742249427789322	0.9930820499019999	0	0	0.5	11829.96258480592	21602.52187071441	-643.4812954091448	555.0372841172684	0	375.8871735343621	0	1141.8622961968745	0	500	6878.137	0	45	0	0	4.811158306894493	4.811158306894493	0.0839705532899847	0.0011067834463349407	7.612608173223869	6878.137	5676.9780285258585	135.13706504474789
75.969	panels	6853.838297642357	408.4539022582014	408.4539022582014	0	0	0.14221026675622425	0.9898364713573267	0	0	0.5	12889.520458117739	20988.406074410614	-642.5819162020928	573.1301448007193	0	347.67711992312803	0	1141.8623136177114	0	500	6878.137	0	45	0	0	4.817499708925486	4.817499708925486	0.08408123163461818	0.0011067834463349407	7.612608173223869	6878.137	5676.9780285258585	131.94939499718814
76.069	panels	6853.774323308766	408.99029079090894	408.99029079090894	0	0	0.16690916244755513	0.9859722772426495	0	0	0.5	13917.272705849922	20322.362456092287	-641.6836549919433	589.790479587565	0	318.598056169055	0	1141.862331037806	0	500	6878.137	0	45	0	0	4.823841110956479	4.823841110956479	0.08419190997925168	0.0011067834463349407	7.612608173223869	6878.137	5676.9780285258585	131.91806911475976
76.169	panels	6853.7102650185225	409.52667431360976	409.52667431360976	0	0	0.191503745346163	0.9814918825534892	0	0	0.5	14910.676480912156	19606.034718238745	-640.7865120885302	604.9766463955441	0	288.72266473621505	0	1141.862348457163	0	500	6878.137	0	45	0	0	4.830182512987473	4.830182512987473	0.08430258832388517	0.0011067834463349407	7.612608173223869	6878.137	5676.9780285258585	135.28911008818952
76.269	panels	6853.646122772412	410.0630528197333	410.0630528197333	0	0	0.21597864463842442	0.9763980873906652	0	0	0.5	15867.273713012519	18841.19097860411	-639.8904878014976	618.6506877920831	0	258.1256184892472	0	1141.8623658757588	0	500	6878.137	0	45	0	0	4.836523915018465	4.836523915018465	0.08441326666851864	0.0011067834463349407	7.612608173223869	6878.137	5676.9780285258585	141.85233143019389
76.369	panels	6853.581896571221	410.59942630270905	410.59942630270905	0	0	0.2403185643090738	0.9706940752103237	0	0	0.5	16784.697190680796	18029.71940580313	-638.9955824403029	630.7784258675683	0	226.88339405041395	0	1141.862383293634	0	500	6878.137	0	45	0	0	4.842865317049458	4.842865317049458	0.08452394501315214	0.0011067834463349407	7.612608173223869	6878.137	5676.9780285258585	150.9029904954159
76.4682	panels	6853.518101230115	411.1315038282516	411.1315038282516	0	0	0.26431541072986353	0.9644362932048459	0	0	0.5	17653.83881861054	17180.643895193003	-638.1089421613658	641.2514668297259	0	195.3305967468529	0	1141.8624005714178	0	500	6878.137	0	45	0	0	4.849155987863443	4.849155987863443	0.08463373793101528	0.0011067834463349407	7.612608173223869	6878.137	5676.9780285258585	161.37732946923256
76.5682	panels	6853.453707792747	411.6678672855371	411.6678672855371	0	0	0.2883412122437822	0.9575277256151835	0	0	0.5	18486.56286035091	16282.369185522035	-637.2162666218362	650.2125181377249	0	163.0372828640958	0	1141.8624179877872	0	500	6878.137	0	45	0	0	4.855497389894437	4.855497389894437	0.08474441627564877	0.0011067834463349407	7.612608173223869	6878.137	5676.9780285258585	172.58109957269045
76.6682	panels	6853.389230402655	412.2042257000166	412.2042257000166	0	0	0.31218680988713293	0.9500207343697795	0	0	0.5	19273.63007826166	15343.785266526213	-636.3247109328572	657.5483781846206	0	130.33646191096824	0	1141.8624354034355	0	500	6878.137	0	45	0	0	4.861838791925431	4.861838791925431	0.08485509462028226	0.0011067834463349407	7.612608173223869	6878.137	5676.9780285258585	175.45190815065314
76.7682	panels	6853.324669060628	412.7405790651195	412.7405790651195	0	0	0.33583730093769343	0.9419200110937687	0	0	0.5	20013.091894678608	14367.210326429005	-635.4342754031095	663.2407112004057	0	97.30986883749704	0	1141.862452818328	0	500	6878.137	0	45	0	0	4.868180193956424	4.868180193956424	0.08496577296491575	0.0011067834463349407	7.612608173223869	6878.137	5676.9780285258585	162.02874713060734
76.8682	panels	6853.260023767459	413.27692737427583	413.27692737427583	0	0	0.35927790460851006	0.9332306184754755	0	0	0.5	20703.117318142344	13355.056613838871	-634.5449603410799	667.2752893729198	0	64.04005285158067	0	1141.8624702324873	0	500	6878.137	0	45	0	0	4.874521595987416	4.874521595987416	0.08507645130954923	0.0011067834463349407	7.612608173223869	6878.137	5676.9780285258585	147.1575074500947
76.9682	panels	6853.195294523937	413.8132706209154	413.8132706209154	0	0	0.3824939712854084	0.9239579871023993	0	0	0.5	21341.997476889548	12309.82447913411	-633.6567660550448	669.6420284100693	0	30.610171088904224	0	1141.8624876458807	0	500	6878.137	0	45	0	0	4.88086299801841	4.88086299801841	0.08518712965418272	0.0011067834463349407	7.612608173223869	6878.137	5676.9780285258585	131.61991357298368
77.0682	panels	6853.130481330857	414.34960879846835	414.34960879846835	0	0	0.4054709916825255	0.9141079120672732	0	0	0.5	21928.14985067491	11234.096197698735	-632.7696928531225	670.3350127449256	0	0	2.8962192361091446	1141.862505058546	0	500	6878.137	0	45	0	0	4.887204400049404	4.887204400049404	0.08529780799881621	0.0011067834463349407	7.612608173223869	6878.137	5676.9780285258585	116.13481048577707
77.1682	panels	6853.065584189012	414.88594190036446	414.88594190036446	0	0	0.42819460591014086	0.9036865493463203	0	0	0.5	22460.122190445145	10130.5295902687	-631.883741043209	669.3525103216386	0	0	36.39536967985799	1141.8625224704674	0	500	6878.137	0	45	0	0	4.893545802080397	4.893545802080397	0.0854084863434497	0.0011067834463349407	7.612608173223869	6878.137	5676.9780285258585	101.28041007753458
77.2682	panels	6853.000603099197	415.4222699200339	415.4222699200339	0	0	0.4506506124491402	0.8927004119519688	0	0	0.5	22936.596116157423	9001.851456149998	-630.9989109330077	666.696976924569	0	0	69.80354989686388	1141.8625398816241	0	500	6878.137	0	45	0	0	4.89988720411139	4.89988720411139	0.08551916468808318	0.0011067834463349407	7.612608173223869	6878.137	5676.9780285258585	88.04630217680489
77.3682	panels	6852.935538062209	415.9585928509069	415.9585928509069	0	0	0.4728249770265026	0.8811563658624315	0	0	0.5	23356.390383828857	7850.850835533273	-630.1152028300376	662.3750500398078	0	0	103.03725692151608	1141.8625572920607	0	500	6878.137	0	45	0	0	4.906228606142383	4.906228606142383	0.08562984303271667	0.0011067834463349407	7.612608173223869	6878.137	5676.9780285258585	78.5456255510874
77.4598	panels	6852.875864822997	416.44986018454904	416.44986018454904	0	0	0.4928777225223699	0.8700985867366765	0	0	0.5	23690.293318707212	6779.370907906759	-629.3067110623983	656.962997961727	0	0	133.2553642660483	1141.862573239364	0	500	6878.137	0	45	0	0	4.912037330404282	4.912037330404282	0.08573122439642729	0.0011067834463349407	7.612608173223869	6878.137	5676.9780285258585	76.61765899537238
77.5598	panels	6852.810638945451	416.9861733469351	416.9861733469351	0	0	0.5144739050437328	0.8575060355642123	0	0	0.5	23998.702426638523	5593.587626172044	-628.4251535836252	649.4819687721066	0	0	165.9232763876653	1141.8625906483596	0	500	6878.137	0	45	0	0	4.918378732435275	4.918378732435275	0.08584190274106077	0.0011067834463349407	7.612608173223869	6878.137	5676.9780285258585	82.487549806555
77.6598	panels	6852.745329123059	417.5224814013673	417.5224814013673	0	0	0.5357485581233846	0.8443775710360351	0	0	0.5	24247.796190974193	4393.904983411103	-627.5447190076874	640.3775747285544	0	0	198.17646631964826	1141.8626080566107	0	500	6878.137	0	45	0	0	4.924720134466268	4.924720134466268	0.08595258108569426	0.0011067834463349407	7.612608173223869	6878.137	5676.9780285258585	96.89470289411946
77.7598	panels	6852.679935356618	418.058784341276	418.058784341276	0	0	0.556688385795757	0.8307213980150713	0	0	0.5	24436.95531158089	3183.2882107742735	-626.6654076413414	629.6725720928564	0	0	229.9343179759872	1141.8626254641197	0	500	6878.137	0	45	0	0	4.931061536497261	4.931061536497261	0.08606325943032775	0.0011067834463349407	7.612608173223869	6878.137	5676.9780285258585	116.62885164776401
77.8598	panels	6852.614457646932	418.5950821600918	418.5950821600918	0	0	0.5772803013502606	0.8165460511648761	0	0	0.5	24565.708631756024	1964.729742478672	-625.7872197911489	617.3937178100798	0	0	261.11745335914253	1141.86264287089	0	500	6878.137	0	45	0	0	4.937402938528255	4.937402938528255	0.08617393777496124	0.0011067834463349407	7.612608173223869	6878.137	5676.9780285258585	137.88627509854268
77.9598	panels	6852.548895994804	419.131374851245	419.131374851245	0	0	0.5975114355100536	0.8018603896157456	0	0	0.5	24633.734311460707	741.241819061097	-624.910155763474	603.5717026301579	0	0	291.6479309636216	1141.8626602769045	0	500	6878.137	0	45	0	0	4.943744340559248	4.943744340559248	0.08628461611959472	0.0011067834463349407	7.612608173223869	6878.137	5676.9780285258585	157.49039149919417
78.0598	panels	6852.483250401035	419.66766240816645	419.66766240816645	0	0	0.61736914447492	0.7866735914280495	0	0	0.5	24640.86063146057	-484.15095874936014	-624.034215864491	588.2410743969211	0	0	321.4494405887376	1141.8626776821645	0	500	6878.137	0	45	0	0	4.950085742590241	4.950085742590241	0.08639529446422821	0.0011067834463349407	7.612608173223869	6878.137	5676.9780285258585	174.53687177566792
78.1598	panels	6852.417520866428	420.20394482428657	420.20394482428657	0	0	0.6368410178232341	0.7709951478562415	0	0	0.5	24587.06642636522	-1708.4191071315527	-623.1594004001788	571.4401516964834	0	0	350.4474940741333	1141.8626950866883	0	500	6878.137	0	45	0	0	4.956427144621235	4.956427144621235	0.0865059728088617	0.0011067834463349407	7.612608173223869	6878.137	5676.9780285258585	169.0635267715662
78.2598	panels	6852.351707391792	420.74022209303604	420.74022209303604	0	0	0.655914886268069	0.7548348574171347	0	0	0.5	24472.481145475467	-2928.5357487618785	-622.28570967631	553.2109280807643	0	0	378.56961148133803	1141.8627124904683	0	500	6878.137	0	45	0	0	4.962768546652228	4.962768546652228	0.08661665115349519	0.0011067834463349407	7.612608173223869	6878.137	5676.9780285258585	150.6986047415178
78.3598	panels	6852.28580997793	421.27649420784576	421.27649420784576	0	0	0.6745788292626058	0.7382028197661482	0	0	0.5	24297.38454126774	-4141.484096377664	-621.4131439984934	533.5989671054626	0	0	405.74550225544795	1141.862729893516	0	500	6878.137	0	45	0	0	4.96910994868322	4.96910994868322	0.08672732949812867	0.0011067834463349407	7.612608173223869	6878.137	5676.9780285258585	129.52238521588734
78.4758	panels	6852.209263819854	421.89856339550033	421.89856339550033	0	0	0.6957000699137164	0.7183323831779062	0	0	0.5	24019.03835489798	-5535.567151181958	-620.4023776729078	509.1816632461471	0	0	435.9945996223238	1141.862750080086	0	500	6878.137	0	45	0	0	4.976465975039171	4.976465975039171	0.08685571637790349	0.0011067834463349407	7.612608173223869	6878.137	5676.9780285258585	102.66203059128216
78.5758	panels	6852.1431851000225	422.4348243553809	422.4348243553809	0	0	0.7134391138885209	0.700717225972048	0	0	0.5	23714.898634454363	-6722.829516999931	-619.5322431365391	486.75467614818757	0	0	460.8981785009116	1141.862767481513	0	500	6878.137	0	45	0	0	4.982807377070164	4.982807377070164	0.08696639472253696	0.0011067834463349407	7.612608173223869	6878.137	5676.9780285258585	79.30080616238777
78.6758	panels	6852.077022443519	422.9710801405633	422.9710801405633	0	0	0.7307322816434928	0.6826641433121379	0	0	0.5	23352.109543558952	-7893.540898709129	-618.6632346105969	463.111057649682	0	0	484.64975249335424	1141.8627848821961	0	500	6878.137	0	45	0	0	4.989148779101157	4.989148779101157	0.08707707306717045	0.0011067834463349407	7.612608173223869	6878.137	5676.9780285258585	55.2710689974037
78.7758	panels	6852.010775851157	423.5073307444786	423.5073307444786	0	0	0.7475687655117725	0.6641844177871117	0	0	0.5	22931.56459876251	-9044.805942506271	-617.7953523998635	438.30990445478955	0	0	507.18995512324074	1141.8628022821229	0	500	6878.137	0	45	0	0	4.995490181132151	4.995490181132151	0.08718775141180395	0.0011067834463349407	7.612608173223869	6878.137	5676.9780285258585	31.186028034398774
78.8758	panels	6851.944445323746	424.0435761605579	424.0435761605579	0	0	0.763938043239062	0.6452895986238063	0	0	0.5	22454.300159039456	-10173.777205751076	-616.9285968089141	412.4132064971858	0	0	528.4624477100325	1141.862819681304	0	500	6878.137	0	45	0	0	5.001831583163145	5.001831583163145	0.08729842975643744	0.0011067834463349407	7.612608173223869	6878.137	5676.9780285258585	20.496028267348095
78.9758	panels	6851.878030862098	424.5798163822322	424.5798163822322	0	0	0.7798298845596914	0.6259914944690691	0	0	0.5	21921.49287168171	-11277.662199440774	-616.0629681421559	385.48569199757446	0	0	548.4140601863637	1141.8628370797376	0	500	6878.137	0	45	0	0	5.008172985194137	5.008172985194137	0.08740910810107091	0.0011067834463349407	7.612608173223869	6878.137	5676.9780285258585	42.50033975653153
79.0758	panels	6851.811532467027	425.116051402933	425.116051402933	0	0	0.7952343575902016	0.6063021660097377	0	0	0.5	21334.456771216526	-12353.730295215875	-615.1984667037774	357.5946656769614	0	0	566.9949239952266	1141.862854477435	0	500	6878.137	0	45	0	0	5.01451438722513	5.01451438722513	0.0875197864457044	0.0011067834463349407	7.612608173223869	6878.137	5676.9780285258585	73.35245162125989
79.1758	panels	6851.744950139349	425.6522812160913	425.6522812160913	0	0	0.8101418350364484	0.5862339184351041	0	0	0.5	20694.640038500016	-13399.319479814174	-614.3350927977816	328.80984052993796	0	0	584.1585967353524	1141.8628718743664	0	500	6878.137	0	45	0	0	5.020855789256124	5.020855789256124	0.0876304647903379	0.0011067834463349407	7.612608173223869	6878.137	5676.9780285258585	106.22624657672007
79.2758	panels	6851.678283879878	426.18850581513857	426.18850581513857	0	0	0.824543000210348	0.5657992937465709	0	0	0.5	20003.62142798099	-14411.84294026535	-613.4728467279708	299.20316357876555	0	0	599.8621782424653	1141.862889270569	0	500	6878.137	0	45	0	0	5.027197191287118	5.027197191287118	0.08774114313497139	0.0011067834463349407	7.612608173223869	6878.137	5676.9780285258585	138.70186915677115
79.46	panels	6851.555264942724	427.1762178566589	427.1762178566589	0	0	0.8497147403768984	0.5272426955266616	0	0	0.5	18602.548485793763	-16182.026256172152	-611.887542576003	242.76586658609673	0	0	624.8374820911336	1141.8629213123963	0	500	6878.137	0	45	0	0	5.038878053827445	5.038878053827445	0.08794501264577298	0.0011067834463349407	7.612608173223869	6878.137	5676.9780285258585	174.06808935663892
79.56	panels	6851.488360153561	427.71242760134186	427.71242760134186	0	0	0.8626289127122994	0.5058372850559718	0	0	0.5	17775.732268044543	-17087.198299179992	-611.0285034735451	211.2336273161585	0	0	636.189820972152	1141.8629387064766	0	500	6878.137	0	45	0	0	5.0452194558584385	5.0452194558584385	0.08805569099040647	0.0011067834463349407	7.612608173223869	6878.137	5676.9780285258585	151.361351641642
79.66	panels	6851.421371435748	428.2486321066775	428.2486321066775	0	0	0.875003970060547	0.4841157427498939	0	0	0.5	16904.919727402983	-17950.178810111258	-610.1705933726828	179.17341531621707	0	0	645.9520179349358	1141.8629560997883	0	500	6878.137	0	45	0	0	5.051560857889432	5.051560857889432	0.08816636933503995	0.0011067834463349407	7.612608173223869	6878.137	5676.9780285258585	128.09193616198382
79.76	panels	6851.354298790107	428.78483136609765	428.78483136609765	0	0	0.8868321784136749	0.4620916438652143	0	0	0.5	15992.261216721407	-18768.83176666395	-609.313812576283	146.66536435242483	0	0	654.0996726358053	1141.8629734923738	0	500	6878.137	0	45	0	0	5.057902259920425	5.057902259920425	0.08827704767967344	0.0011067834463349407	7.612608173223869	6878.137	5676.9780285258585	107.38758098232091
79.86	panels	6851.28714221746	429.321025373034	429.321025373034	0	0	0.8981061455265351	0.4397787527467309	0	0	0.5	15040.01066856287	-19541.13061462597	-608.4581613870082	113.79072755178409	0	0	660.6124202426618	1141.8629908841845	0	500	6878.137	0	45	0	0	5.064243661951418	5.064243661951418	0.08838772602430693	0.0011067834463349407	7.612608173223869	6878.137	5676.9780285258585	97.70786216643285
79.96	panels	6851.219901718628	429.85721412091834	429.85721412091834	0	0	0.9088188255367116	0.41719101422498606	0	0	0.5	14050.520028708164	-20265.163284318598	-607.6036401073341	80.63167431221568	0	0	665.4739823358858	1141.8630082752863	0	500	6878.137	0	45	0	0	5.070585063982412	5.070585063982412	0.08849840436894042	0.0011067834463349407	7.612608173223869	6878.137	5676.9780285258585	106.49987348243161
80.06	panels	6851.152577294435	430.3933976031824	430.3933976031824	0	0	0.9189635233679542	0.3943425449012013	0	0	0.5	13026.23344703626	-20939.1369242837	-606.7502490395352	47.27108492154663	0	0	668.6722075962297	1141.8630256656008	0	500	6878.137	0	45	0	0	5.076926466013404	5.076926466013404	0.0886090827135739	0.0011067834463349407	7.612608173223869	6878.137	5676.9780285258585	127.47553588264478
80.16	panels	6851.085168945706	430.92957581325834	430.92957581325834	0	0	0.9285338989143836	0.37124762432486125	0	0	0.5	11969.681240125543	-21561.382340495507	-605.8979884856833	13.792343400679894	0	0	670.1991021761814	1141.8630430551882	0	500	6878.137	0	45	0	0	5.083267868044398	5.083267868044398	0.08871976105820739	0.0011067834463349407	7.612608173223869	6878.137	5676.9780285258585	151.95626223585572
80.26	panels	6851.017676673266	431.4657487445779	431.4657487445779	0	0	0.9375239710028519	0.3479206860694602	0	0	0.5	10883.47364048935	-22130.358130106182	-605.0468587476857	0	19.72087091322027	0	670.0508496806128	1141.8630604440223	0	500	6878.137	0	45	0	0	5.089609270075392	5.089609270075392	0.08883043940284088	0.0011067834463349407	7.612608173223869	6878.137	5676.9780285258585	178.1503893329954
80.36	panels	6850.950100477943	432.0019163905733	432.0019163905733	0	0	0.9459281211309796	0.32437630871198814	0	0	0.5	9770.29434788822	-22644.654499488504	-604.196860127221	0	53.18479252113465	0	668.2278207055568	1141.8630778321087	0	500	6878.137	0	45	0	0	5.095950672106385	5.095950672106385	0.08894111774747437	0.0011067834463349407	7.612608173223869	6878.137	5676.9780285258585	155.38976270646828
80.4598	panels	6850.882575764545	432.5370064253176	432.5370064253176	0	0	0.9537260643271672	0.3006768933972353	0	0	0.5	8635.191013304198	-23102.13669353205	-603.3496895307312	0	86.44930528249542	0	664.7432201779611	1141.863095184667	0	500	6878.137	0	45	0	0	5.1022793913340685	5.1022793913340685	0.08905157473543172	0.0011067834463349407	7.612608173223869	6878.137	5676.9780285258585	132.85564202640577
80.5598	panels	6850.814831893781	433.0731634915643	433.0731634915643	0	0	0.9609441797787669	0.27674226881579417	0	0	0.5	7476.419963775953	-23503.50363096064	-602.5019517858827	0	119.56456218435318	0	659.5917943996293	1141.8631125712686	0	500	6878.137	0	45	0	0	5.108620793365062	5.108620793365062	0.08916225308006522	0.0011067834463349407	7.612608173223869	6878.137	5676.9780285258585	116.8537258877062
80.6598	panels	6850.747004102618	433.6093152527965	433.6093152527965	0	0	0.9675617364019968	0.25263468932581845	0	0	0.5	6299.0962303470615	-23846.786522752624	-601.6553460618694	0	152.3809694108823	0	652.791734433317	1141.8631299570982	0	500	6878.137	0	45	0	0	5.114962195396055	5.114962195396055	0.0892729314246987	0.0011067834463349407	7.612608173223869	6878.137	5676.9780285258585	106.15722520816378
80.7598	panels	6850.679092391887	434.14546170244637	434.14546170244637	0	0	0.9735745984394055	0.22836922137965598	0	0	0.5	5106.129418314624	-24131.133275248725	-600.8098726595952	0	184.81650312440397	0	644.3600369120759	1141.8631473422129	0	500	6878.137	0	45	0	0	5.121303597427048	5.121303597427048	0.0893836097693322	0.0011067834463349407	7.612608173223869	6878.137	5676.9780285258585	98.85476743151096
80.8598	panels	6850.611096762421	434.6816028339463	434.6816028339463	0	0	0.978979008047971	0.2039610301047992	0	0	0.5	3900.4679749473444	-24355.837452383796	-599.9655318797761	0	216.79009147413151	0	634.3177767086975	1141.8631647265415	0	500	6878.137	0	45	0	0	5.127644999458042	5.127644999458042	0.08949428811396568	0.0011067834463349407	7.612608173223869	6878.137	5676.9780285258585	95.28826706951753
80.9598	panels	6850.543017215051	435.21773864072884	435.21773864072884	0	0	0.983771587647631	0.1794253698261747	0	0	0.5	2685.0919023400697	-24520.340030473813	-599.1223240229181	0	248.221817232642	0	622.6900542592169	1141.863182110145	0	500	6878.137	0	45	0	0	5.133986401489035	5.133986401489035	0.08960496645859917	0.0011067834463349407	7.612608173223869	6878.137	5676.9780285258585	97.42116023258062
81.0598	panels	6850.474853750612	435.7538691162264	435.7538691162264	0	0	0.9879493420321604	0.15477757453268662	0	0	0.5	1463.0053918479116	-24624.230788659534	-598.280249389365	0	279.0331175477481	0	609.5059328250534	1141.86319949298	0	500	6878.137	0	45	0	0	5.140327803520028	5.140327803520028	0.08971564480323266	0.0011067834463349407	7.612608173223869	6878.137	5676.9780285258585	106.0700430892361
81.1598	panels	6850.406606369939	436.2899942538715	436.2899942538715	0	0	0.9915096602410778	0.1300330482939727	0	0	0.5	237.22939830534824	-24667.24933155035	-597.4393082792346	0	309.14698030794574	0	594.7983658498217	1141.863216875075	0	500	6878.137	0	45	0	0	5.146669205551022	5.146669205551022	0.08982632314786615	0.0011067834463349407	7.612608173223869	6878.137	5676.9780285258585	119.6338188072203
81.2598	panels	6850.338275073868	436.8261140470967	436.8261140470967	0	0	0.9944503171914102	0.10520725563336243	0	0	0.5	-989.2058276147841	-24649.285741518957	-596.599500992457	0	338.488136632729	0	578.6041145929657	1141.8632342564185	0	500	6878.137	0	45	0	0	5.153010607582014	5.153010607582014	0.08993700149249963	0.0011067834463349407	7.612608173223869	6878.137	5676.9780285258585	135.54881548548215
81.3598	panels	6850.269859863237	437.3622284893351	437.3622284893351	0	0	0.9967694750682984	0.08031571186305327	0	0	0.5	-2213.2682304431883	-24570.38085901423	-595.7608278287669	0	366.98324900518594	0	560.963656245707	1141.8632516370117	0	500	6878.137	0	45	0	0	5.159352009613007	5.159352009613007	0.09004767983713312	0.0011067834463349407	7.612608173223869	6878.137	5676.9780285258585	152.0260953618608
81.4633	panels	6850.198961749651	437.9171012948636	437.9171012948636	0	0	0.9985137544689814	0.05450029482726659	0	0	0.5	-3474.4497922516302	-24424.741700643153	-594.8939957826734	0	395.5088511738824	0	541.2297714811808	1141.8632696251516	0	500	6878.137	0	45	0	0	5.165915360715086	5.165915360715086	0.09016223192382879	0.0011067834463349407	7.612608173223869	6878.137	5676.9780285258585	170.20425988385117
81.5633	panels	6850.130375775477	438.45320482756273	438.45320482756273	0	0	0.9995641006170863	0.029523020806743253	0	0	0.5	-4684.351850993051	-24222.572697108768	-594.0576314842677	0	422.0647641812156	0	520.7861752631818	1141.8632870042102	0	500	6878.137	0	45	0	0	5.172256762746079	5.172256762746079	0.09027291026846226	0.0011067834463349407	7.612608173223869	6878.137	5676.9780285258585	169.8042088382381
81.6633	panels	6850.061705889288	438.9893029893435	438.9893029893435	0	0	0.9999897517435876	0.004527295859351602	0	0	0.5	-5882.744688732478	-23960.50656491589	-593.2224022174369	0	447.56573547369834	0	499.04088665421773	1141.8633043825491	0	500	6878.137	0	45	0	0	5.178598164777073	5.178598164777073	0.09038358861309576	0.0011067834463349407	7.612608173223869	6878.137	5676.9780285258585	146.57146853006884
81.7633	panels	6849.992952091926	439.52539577363893	439.52539577363893	0	0	0.9997904418303885	-0.020471258500563888	0	0	0.5	-7066.66487519031	-23639.18769389419	-592.3883082811444	0	471.9480259947574	0	476.0482575293176	1141.8633217601102	0	500	6878.137	0	45	0	0	5.184939566808066	5.184939566808066	0.09049426695772925	0.0011067834463349407	7.612608173223869	6878.137	5676.9780285258585	121.77626819165184
81.8633	panels	6849.924114384232	440.0614831738818	440.0614831738818	0	0	0.9989662954396956	-0.04545701899036802	0	0	0.5	-8233.184588975288	-23259.40699942344	-591.555349974128	0	495.15069280559527	0	451.8657574607179	1141.8633391369283	0	500	6878.137	0	45	0	0	5.1912809688390595	5.1912809688390595	0.09060494530236274	0.0011067834463349407	7.612608173223869	6878.137	5676.9780285258585	98.67986961978988
81.9633	panels	6849.8551927670505	440.59756518350514	440.59756518350514	0	0	0.9975178276361735	-0.07041437032317793	0	0	0.5	-9379.418857918243	-22822.099975446687	-590.7235275949427	0	517.1157414111008	0	426.55383007388406	1141.863356512998	0	500	6878.137	0	45	0	0	5.197622370870052	5.197622370870052	0.09071562364699622	0.0011067834463349407	7.612608173223869	6878.137	5676.9780285258585	81.11574194532884
82.0633	panels	6849.786187241226	441.1336417959424	441.1336417959424	0	0	0.995445943665043	-0.09532771496690896	0	0	0.5	-10502.532693879319	-22328.344389941776	-589.8928414419383	0	537.7882707154184	0	400.1757419700278	1141.863373888322	0	500	6878.137	0	45	0	0	5.203963772901045	5.203963772901045	0.09082630199162971	0.0011067834463349407	7.612608173223869	6878.137	5676.9780285258585	71.542398243817
82.1633	panels	6849.717097807603	441.6697130046267	441.6697130046267	0	0	0.9927519383863354	-0.12018148289222452	0	0	0.5	-11599.7481043842	-21779.357628528523	-589.0632918132834	0	557.1166102461038	0	372.7974245925904	1141.8633912628814	0	500	6878.137	0	45	0	0	5.210305174932039	5.210305174932039	0.0909369803362632	0.0011067834463349407	7.612608173223869	6878.137	5676.9780285258585	68.80606304292739
82.2633	panels	6849.647924467029	442.2057788029913	442.2057788029913	0	0	0.9894374954656451	-0.14496014130329743	0	0	0.5	-12668.350963748124	-21176.493692760134	-588.2348790069367	0	575.0524493027768	0	344.4873094331827	1141.8634086367097	0	500	6878.137	0	45	0	0	5.216646576963033	5.216646576963033	0.09104765868089669	0.0011067834463349407	7.612608173223869	6878.137	5676.9780285258585	69.14137745767562
82.3633	panels	6849.57866722035	442.7418391844694	442.7418391844694	0	0	0.9855046863218943	-0.16964820434530173	0	0	0.5	-13705.697726692812	-20521.23986049879	-587.4076033206665	0	591.5509577090068	0	315.3161569884445	1141.863426009777	0	500	6878.137	0	45	0	0	5.222987978994025	5.222987978994025	0.09115833702553017	0.0011067834463349407	7.612608173223869	6878.137	5676.9780285258585	69.57978287891723
82.4682	panels	6849.505926195595	443.30416069580923	443.30416069580923	0	0	0.980717300822596	-0.1954317678046273	0	0	0.5	-14757.481451285577	-19779.34288289428	-586.541013514493	0	607.2682003267134	0	283.8699268209182	1141.8634442333214	0	500	6878.137	0	45	0	0	5.229640109723023	5.229640109723023	0.09127443860902427	0.0011067834463349407	7.612608173223869	6878.137	5676.9780285258585	69.56569939770414
82.5682	panels	6849.4364970279585	443.8402099575753	443.8402099575753	0	0	0.975525557371718	-0.2198860771276774	0	0	0.5	-15722.858980693389	-19021.92996578493	-585.7160687165674	0	620.6968421810426	0	253.16441535645538	1141.863461604851	0	500	6878.137	0	45	0	0	5.235981511754016	5.235981511754016	0.09138511695365775	0.0011067834463349407	7.612608173223869	6878.137	5676.9780285258585	70.54943686671477
82.6682	panels	6849.366983956807	444.3762537824339	444.3762537824339	0	0	0.9697241422061785	-0.24420296481101794	0	0	0.5	-16649.42282231271	-18217.444722793847	-584.8922619453992	0	632.574066402556	0	221.82612611285882	1141.8634789756231	0	500	6878.137	0	45	0	0	5.242322913785009	5.242322913785009	0.09149579529829124	0.0011067834463349407	7.612608173223869	6878.137	5676.9780285258585	75.65436449821607
82.7682	panels	6849.297386982994	444.91229216381845	444.91229216381845	0	0	0.9633166810215882	-0.26836723359149456	0	0	0.5	-17534.879995907024	-17367.87328346543	-584.0695934979625	0	642.8701861853637	0	189.933388429788	1141.863496345638	0	500	6878.137	0	45	0	0	5.2486643158160025	5.2486643158160025	0.09160647364292474	0.0011067834463349407	7.612608173223869	6878.137	5676.9780285258585	87.9180008390174
82.8682	panels	6849.22770610737	445.44832509516266	445.44832509516266	0	0	0.9563071782725894	-0.2923637815877987	0	0	0.5	-18377.039014087015	-16475.313356378836	-583.2480636710318	0	651.5594666578727	0	157.56591747598847	1141.8635137149297	0	500	6878.137	0	45	0	0	5.255005717846997	5.255005717846997	0.09171715198755823	0.0011067834463349407	7.612608173223869	6878.137	5676.9780285258585	108.70701253433532
82.9682	panels	6849.157941330789	445.98435256990035	445.98435256990035	0	0	0.9487000146702026	-0.3161776117386516	0	0	0.5	-19173.815305967397	-15541.96904950581	-582.4276727611867	0	658.6201892068386	0	124.80461500271409	1141.8635310834454	0	500	6878.137	0	45	0	0	5.261347119877989	5.261347119877989	0.0918278303321917	0.0011067834463349407	7.612608173223869	6878.137	5676.9780285258585	136.58467989629835
83.0682	panels	6849.088092654105	446.5203745814653	446.5203745814653	0	0	0.9404999444440245	-0.3397938411754795	0	0	0.5	-19923.23637680904	-14570.145427234755	-581.6084210648099	0	664.0347057618578	0	91.73136713210702	1141.8635484512156	0	500	6878.137	0	45	0	0	5.267688521908982	5.267688521908982	0.0919385086768252	0.0011067834463349407	7.612608173223869	6878.137	5676.9780285258585	167.63597418877387
83.1682	panels	6849.018160078175	447.0563911232914	447.0563911232914	0	0	0.9317120923709893	-0.3631977105237219	0	0	0.5	-20623.446690875055	-13562.242817501618	-580.7903088780762	0	667.789482906639	0	58.42883968437981	1141.8635658182352	0	500	6878.137	0	45	0	0	5.274029923939976	5.274029923939976	0.09204918702145869	0.0011067834463349407	7.612608173223869	6878.137	5676.9780285258585	162.61860355921365
83.2682	panels	6848.948143603855	447.5924021888127	447.5924021888127	0	0	0.92234195057255	-0.3863745931269602	0	0	0.5	-21272.71226541541	-12520.750883089537	-579.9733364969983	0	669.8751357051785	0	24.98027155663835	1141.8635831845015	0	500	6878.137	0	45	0	0	5.280371325970969	5.280371325970969	0.09215986536609218	0.0011067834463349407	7.612608173223869	6878.137	5676.9780285258585	136.37676169439496
83.3682	panels	6848.878043232002	448.1284077714632	448.1284077714632	0	0	0.9123953750822811	-0.4093100041881017	0	0	0.5	-21869.42496440534	-11448.242471738562	-579.1575042173563	0	670.2864511590992	8.53073333080773	0	1141.863600550023	0	500	6878.137	0	45	0	0	5.286712728001962	5.286712728001962	0.09227054371072566	0.0011067834463349407	7.612608173223869	6878.137	5676.9780285258585	112.84701303920745
83.4682	panels	6848.807858963476	448.66440786467734	448.66440786467734	0	0	0.9018785821860487	-0.4319896098219064	0	0	0.5	-22412.106481407238	-10347.367260259205	-578.3428123347461	0	669.022401237417	42.02041500065131	0	1141.863617914778	0	500	6878.137	0	45	0	0	5.293054130032962	5.293054130032962	0.09238122205535926	0.0011067834463349407	7.612608173223869	6878.137	5676.9780285258585	91.47356879583674
83.5682	panels	6848.737590799136	449.2004024618884	449.2004024618884	0	0	0.8907981445370335	-0.4543992360131983	0	0	0.5	-22899.412001691504	-9220.845208349872	-577.5292611445677	0	666.0861454457412	75.40506677437963	0	1141.8636352787971	0	500	6878.137	0	45	0	0	5.299395532063955	5.299395532063955	0.09249190039999275	0.0011067834463349407	7.612608173223869	6878.137	5676.9780285258585	74.26832856789123
83.6682	panels	6848.667238739842	449.73639155653115	449.73639155653115	0	0	0.8791609870480377	-0.47652487747516403	0	0	0.5	-23330.133534545377	-8071.459838291598	-576.7168509420246	0	661.4850229293479	108.60124449558373	0	1141.8636526420544	0	500	6878.137	0	45	0	0	5.305736934094948	5.305736934094948	0.09260257874462623	0.0011067834463349407	7.612608173223869	6878.137	5676.9780285258585	64.80836418604845
83.7682	panels	6848.596802786457	450.2723751420398	450.2723751420398	0	0	0.8669743825636386	-0.49835270640220053	0	0	0.5	-23703.20290751317	-6902.051357124021	-575.9055820221218	0	655.2305341288179	141.5259750963078	0	1141.8636700045693	0	500	6878.137	0	45	0	0	5.312078336125942	5.312078336125942	0.09271325708925972	0.0011067834463349407	7.612608173223869	6878.137	5676.9780285258585	64.44411907980937
83.8682	panels	6848.526282939844	450.8083532118488	450.8083532118488	0	0	0.854245947314898	-0.5198690811118436	0	0	0.5	-24017.694415147096	-5715.5096382975025	-575.0954546796673	0	647.3383120350167	174.09696398660734	0	1141.8636873663106	0	500	6878.137	0	45	0	0	5.318419738156935	5.318419738156935	0.09282393543389321	0.0011067834463349407	7.612608173223869	6878.137	5676.9780285258585	69.63495985446323
83.9682	panels	6848.455679200866	451.3443257593926	451.3443257593926	0	0	0.8409836361594665	-0.5410605545703756	0	0	0.5	-24272.8271157009	-4514.767080143543	-574.286469209262	0	637.8280831145253	206.2328007475495	0	1141.8637047273223	0	500	6878.137	0	45	0	0	5.3247611401879285	5.3247611401879285	0.0929346137785267	0.0011067834463349407	7.612608173223869	6878.137	5676.9780285258585	75.13780110471161
84.0682	panels	6848.384991570388	451.88029277810546	451.88029277810546	0	0	0.827195737610055	-0.5619138827967831	0	0	0.5	-24467.966770068804	-3302.7913588125684	-573.4786259053408	0	626.7236180038669	237.85316261508984	0	1141.8637220875644	0	500	6878.137	0	45	0	0	5.331102542218921	5.331102542218921	0.09304529212316018	0.0011067834463349407	7.612608173223869	6878.137	5676.9780285258585	77.65916514147992
84.1682	panels	6848.314220049276	452.4162542614223	452.4162542614223	0	0	0.8128908686543859	-0.5824160331398149	0	0	0.5	-24602.62741815731	-2082.5780935886796	-572.6719250621136	0	614.0526720951459	268.8790152446105	0	1141.8637394470506	0	500	6878.137	0	45	0	0	5.337443944249914	5.337443944249914	0.09315597046779367	0.0011067834463349407	7.612608173223869	6878.137	5676.9780285258585	77.3405345643556
84.2682	panels	6848.243364638397	452.95221020277745	452.95221020277745	0	0	0.7980779693698543	-0.6025541924229637	0	0	0.5	-24676.47258877122	-857.1434427093573	-571.8663669735987	0	599.8469161619923	299.2328102553966	0	1141.863756805793	0	500	6878.137	0	45	0	0	5.3437853462809075	5.3437853462809075	0.09326664881242716	0.0011067834463349407	7.612608173223869	6878.137	5676.9780285258585	77.85089550934417
84.3682	panels	6848.172425338619	453.48816059560585	453.48816059560585	0	0	0.7827662973362722	-0.6223157749522849	0	0	0.5	-24689.31614000343	370.48335200919064	-571.0619519336188	0	584.1418571991557	328.8386790611547	0	1141.8637741637774	0	500	6878.137	0	45	0	0	5.350126748311902	5.350126748311902	0.09337732715706065	0.0011067834463349407	7.612608173223869	6878.137	5676.9780285258585	84.47006013065479
84.4665	panels	6848.102610245917	454.0149944176161	454.0149944176161	0	0	0.7672380701521251	-0.6413624121424973	0	0	0.5	-24642.45158393261	1576.435924916601	-570.2723262997498	0	567.280524011254	357.14056345679	0	1141.863791225954	0	500	6878.137	0	45	0	0	5.356360346509122	5.356360346509122	0.09348612396984854	0.0011067834463349407	7.612608173223869	6878.137	5676.9780285258585	99.7009094543585
84.5665	panels	6848.031504597023	454.55093378829827	454.55093378829827	0	0	0.7509659306551272	-0.6603409505666592	0	0	0.5	-24534.370624996183	2799.435588333372	-569.4701787932672	0	548.7219850019872	385.0464215918946	0	1141.8638085824473	0	500	6878.137	0	45	0	0	5.362701748540116	5.362701748540116	0.09359680231448203	0.0011067834463349407	7.612608173223869	6878.137	5676.9780285258585	122.22219717397603
84.6665	panels	6847.960315061826	455.0868675908695	455.0868675908695	0	0	0.7342244618995204	-0.6789067973944286	0	0	0.5	-24365.628640245828	4015.587382824642	-568.6691752106253	0	528.7919286472363	411.98986446193317	0	1141.8638259381987	0	500	6878.137	0	45	0	0	5.369043150571109	5.369043150571109	0.09370748065911552	0.0011067834463349407	7.612608173223869	6878.137	5676.9780285258585	147.38246844643675
84.7665	panels	6847.889041641196	455.6227958187651	455.6227958187651	0	0	0.7170241267582511	-0.6970483495759584	0	0	0.5	-24136.639222792324	5221.884314286664	-567.8693158448575	0	507.5401696931286	437.9035475837201	0	1141.8638432931727	0	500	6878.137	0	45	0	0	5.375384552602102	5.375384552602102	0.09381815900374901	0.0011067834463349407	7.612608173223869	6878.137	5676.9780285258585	171.41339630755127
84.8665	panels	6847.817684336009	456.1587184654198	456.1587184654198	0	0	0.6993756748808174	-0.7147542692317418	0	0	0.5	-23847.96493372288	6415.343577003419	-567.0706009888097	0	485.01982644940233	462.7227003360324	0	1141.8638606474185	0	500	6878.137	0	45	0	0	5.3817259546330956	5.3817259546330956	0.09392883734838249	0.0011067834463349407	7.612608173223869	6878.137	5676.9780285258585	167.5173011550002
84.9665	panels	6847.746243147135	456.694635524269	456.694635524269	0	0	0.681290135975089	-0.7320134907384186	0	0	0.5	-23500.315919890047	7593.013929097147	-566.2730309351119	0	461.2871880212971	486.3852878526713	0	1141.863878000894	0	500	6878.137	0	45	0	0	5.388067356664089	5.388067356664089	0.09403951569301598	0.0011067834463349407	7.612608173223869	6878.137	5676.9780285258585	148.9829472282257
85.0665	panels	6847.674718075454	457.23054698874785	457.23054698874785	0	0	0.6627788129140988	-0.7488152276444291	0	0	0.5	-23094.548166763212	8751.982990364639	-565.4766059762289	0	436.40157361622846	508.8321660766924	0	1141.8638953536313	0	500	6878.137	0	45	0	0	5.394408758695082	5.394408758695082	0.09415019403764947	0.0011067834463349407	7.612608173223869	6878.137	5676.9780285258585	131.55841897759308
85.1665	panels	6847.603109121837	457.7664528522915	457.7664528522915	0	0	0.6438532746721148	-0.7651489794111958	0	0	0.5	-22631.6613906443	9889.384444454063	-564.6813264043989	0	410.42518427665146	530.0072295898601	0	1141.863912705586	0	500	6878.137	0	45	0	0	5.4007501607260755	5.4007501607260755	0.09426087238228296	0.0011067834463349407	7.612608173223869	6878.137	5676.9780285258585	115.22380983078467
85.2665	panels	6847.531416287166	458.3023531083351	458.3023531083351	0	0	0.6245253490944087	-0.7810045379756172	0	0	0.5	-22112.796575435415	11002.405127571386	-563.8871925116739	0	383.42294741003474	549.8575518464326	0	1141.8639300567922	0	500	6878.137	0	45	0	0	5.407091562757068	5.407091562757068	0.09437155072691644	0.0011067834463349407	7.612608173223869	6878.137	5676.9780285258585	102.29227247315681
85.3665	panels	6847.4596395723165	458.83824775031434	458.83824775031434	0	0	0.6048071155052364	-0.7963719941297758	0	0	0.5	-21539.233160030617	12088.291986186494	-563.0942045899054	0	355.46235450421636	568.333517461865	0	1141.8639474072777	0	500	6878.137	0	45	0	0	5.413432964788062	5.413432964788062	0.09448222907154993	0.0011067834463349407	7.612608173223869	6878.137	5676.9780285258585	96.708545719701
85.4597	panels	6847.392668156528	459.3376964963891	459.3376964963891	0	0	0.5860891625345113	-0.8102465634358443	0	0	0.5	-20956.669102490152	13073.545009383615	-562.3561718349447	0	328.60172247255144	584.2750806936635	0	1141.8639635772277	0	500	6878.137	0	45	0	0	5.41934315148019	5.41934315148019	0.09458538128873512	0.0011067834463349407	7.612608173223869	6878.137	5676.9780285258585	101.74179083339757
85.5597	panels	6847.320729387666	459.8735802734031	459.8735802734031	0	0	0.5656519651425859	-0.8246440773632774	0	0	0.5	-20281.5510097727	14099.465982351603	-561.5653987549493	0	298.98948382170227	599.9681150801928	0	1141.863980926216	0	500	6878.137	0	45	0	0	5.425684553511183	5.425684553511183	0.0946960596333686	0.0011067834463349407	7.612608173223869	6878.137	5676.9780285258585	116.30623682122012
85.6597	panels	6847.248706741208	460.40945841710544	460.40945841710544	0	0	0.5448612536875137	-0.8385262155890363	0	0	0.5	-19556.252306058243	15090.591433087278	-560.775772500485	0	268.62992867246385	614.1615427456079	0	1141.863998274468	0	500	6878.137	0	45	0	0	5.432025955542176	5.432025955542176	0.0948067379780021	0.0011067834463349407	7.612608173223869	6878.137	5676.9780285258585	134.90495499285166
85.7597	panels	6847.176600218033	460.94533092093184	460.94533092093184	0	0	0.5237300216871025	-0.8518843022286695	0	0	0.5	-18782.563111550702	16044.469049673084	-559.987293362627	0	237.59894004441975	626.8198875860922	0	1141.8640156219706	0	500	6878.137	0	45	0	0	5.43836735757317	5.43836735757317	0.09491741632263559	0.0011067834463349407	7.612608173223869	6878.137	5676.9780285258585	151.56843943172225
85.8597	panels	6847.104409819028	461.4811977783181	461.4811977783181	0	0	0.5022714754734154	-0.8647099889129062	0	0	0.5	-17962.39328098559	16958.73846084405	-559.1999616322531	0	205.97407918753314	637.9115104025553	0	1141.864032968715	0	500	6878.137	0	45	0	0	5.444708759604162	5.444708759604162	0.09502809466726907	0.0011067834463349407	7.612608173223869	6878.137	5676.9780285258585	165.2362257648917
85.9597	panels	6847.032135545075	462.0170589827001	462.0170589827001	0	0	0.4804990259392428	-0.8769952600051149	0	0	0.5	-17097.767689026947	17831.137076515264	-558.4137776000446	0	173.8343917196614	647.4086879817836	0	1141.8640503146946	0	500	6878.137	0	45	0	0	5.451050161635156	5.451050161635156	0.09513877301190256	0.0011067834463349407	7.612608173223869	6878.137	5676.9780285258585	176.82660813482642
86.0597	panels	6846.95977739706	462.55291452751356	462.55291452751356	0	0	0.4584262801567312	-0.8887324376108157	0	0	0.5	-16190.821231049344	18659.50568691017	-557.628741556482	0	141.26021005376668	655.2876823900355	0	1141.864067659924	0	500	6878.137	0	45	0	0	5.45739156366615	5.45739156366615	0.09524945135653605	0.0011067834463349407	7.612608173223869	6878.137	5676.9780285258585	172.85163859236025
86.1597	panels	6846.88733537587	463.08876440619446	463.08876440619446	0	0	0.4360670328734059	-0.8999141863761145	0	0	0.5	-15243.793551647941	19441.79380643424	-556.8448537918421	0	108.33295260893051	661.5288003052606	0	1141.8640850044058	0	500	6878.137	0	45	0	0	5.463732965697143	5.463732965697143	0.09536012970116954	0.0011067834463349407	7.612608173223869	6878.137	5676.9780285258585	163.2979867217066
86.2597	panels	6846.814809482392	463.62460861217863	463.62460861217863	0	0	0.4134352578909032	-0.91053351807206	0	0	0.5	-14259.023513894019	20176.064749069457	-556.062114596227	0	75.13492030678852	666.116442240119	0	1141.864102348124	0	500	6878.137	0	45	0	0	5.470074367728135	5.470074367728135	0.09547080804580302	0.0011067834463349407	7.612608173223869	6878.137	5676.9780285258585	154.89959070240997
86.3597	panels	6846.742199717514	464.16044713890255	464.16044713890255	0	0	0.390545099331799	-0.9205837959620597	0	0	0.5	-13238.943422992763	20860.50042272704	-555.280524259517	0	41.74909086241401	669.0391415322681	0	1141.8641196910867	0	500	6878.137	0	45	0	0	5.476415769759129	5.476415769759129	0.09558148639043651	0.0011067834463349407	7.612608173223869	6878.137	5676.9780285258585	149.4237714916882
86.4609	panels	6846.668633249252	464.70270993927807	464.70270993927807	0	0	0.36713182865177246	-0.9301689203530754	0	0	0.5	-12173.249985046197	21500.68128916714	-554.4907247560559	0	7.856736366030256	670.2944275951792	0	1141.8641372414013	0	500	6878.137	0	45	0	0	5.48283326861374	5.48283326861374	0.09569349287519244	0.0011067834463349407	7.612608173223869	6878.137	5676.9780285258585	149.0006186736803
86.5609	panels	6846.595854737814	465.2385370194408	465.2385370194408	0	0	0.34376530523742427	-0.9390555973503489	0	0	0.5	-11089.844048879762	22079.842563225116	-553.7114468010462	25.653824231900522	0	669.8493994114407	0	1141.8641545828339	0	500	6878.137	0	45	0	0	5.489174670644733	5.489174670644733	0.09580417121982591	0.0011067834463349407	7.612608173223869	6878.137	5676.9780285258585	154.16762935994433
86.6609	panels	6846.522992357658	465.77435840057296	465.77435840057296	0	0	0.3201839396987448	-0.9473553951706776	0	0	0.5	-9978.957020345362	22604.452912364788	-552.9333185768805	59.10026284558228	0	667.7300982727492	0	1141.864171923517	0	500	6878.137	0	45	0	0	5.495516072675726	5.495516072675726	0.0959148495644594	0.0011067834463349407	7.612608173223869	6878.137	5676.9780285258585	162.9773638862565
86.7609	panels	6846.450046109678	466.31017407611085	466.31017407611085	0	0	0.29640246962149325	-0.9550631267106274	0	0	0.5	-8843.33358616092	23073.21217998959	-552.1563403726722	92.39898088266172	0	663.9418213652771	0	1141.8641892634496	0	500	6878.137	0	45	0	0	5.5018574747067195	5.5018574747067195	0.0960255279090929	0.0011067834463349407	7.612608173223869	6878.137	5676.9780285258585	172.38508777292
86.8609	panels	6846.377015994766	466.84598403949093	466.84598403949093	0	0	0.2724357576502508	-0.9621739748889148	0	0	0.5	-7685.779745783794	23484.95820673547	-551.3805124773071	125.4667489770068	0	658.4940374410804	0	1141.864206602624	0	500	6878.137	0	45	0	0	5.508198876737713	5.508198876737713	0.09613620625372639	0.0011067834463349407	7.612608173223869	6878.137	5676.9780285258585	179.5646546806997
86.9609	panels	6846.303902013817	467.38178828414954	467.38178828414954	0	0	0.24829878219975185	-0.9686834956569254	0	0	0.5	-6509.155878087115	23838.66971145723	-550.6058351794812	158.22091501855726	0	651.400363151088	0	1141.8642239410467	0	500	6878.137	0	45	0	0	5.514540278768706	5.514540278768706	0.09624688459835987	0.0011067834463349407	7.612608173223869	6878.137	5676.9780285258585	173.2900572321064
87.0609	panels	6846.230704167727	467.91758680352336	467.91758680352336	0	0	0.22400662809386232	-0.9745876207760995	0	0	0.5	-5316.369673208415	24133.46882410793	-549.8323087676948	190.57961074045969	0	642.678529010548	0	1141.8642412787037	0	500	6878.137	0	45	0	0	5.520881680799699	5.520881680799699	0.09635756294299336	0.0011067834463349407	7.612608173223869	6878.137	5676.9780285258585	168.8199234280992
87.1609	panels	6846.157422457392	468.45337959104916	468.45337959104916	0	0	0.19957447713805582	-0.9798826603604495	0	0	0.5	-4110.368947036734	24368.623264231243	-549.0599335302509	222.46195634668507	0	632.3503350818314	0	1141.8642586156109	0	500	6878.137	0	45	0	0	5.527223082830693	5.527223082830693	0.09646824128762685	0.0011067834463349407	7.612608173223869	6878.137	5676.9780285258585	166.11441878590082
87.2609	panels	6846.084056883711	468.9891666401634	468.9891666401634	0	0	0.1750175986312795	-0.9845653051826174	0	0	0.5	-2894.1343560944742	24543.54815966057	-548.2887097552507	253.78826266928672	0	620.4415964856244	0	1141.8642759517597	0	500	6878.137	0	45	0	0	5.533564484861686	5.533564484861686	0.09657891963226034	0.0011067834463349407	7.612608173223869	6878.137	5676.9780285258585	164.87270730613008
87.3609	panels	6846.010607447581	469.5249479443028	469.5249479443028	0	0	0.1503513398231393	-0.9886326287420353	0	0	0.5	-1670.672030818658	24657.807500909166	-547.5186377305938	284.48023034953286	0	606.9820788765301	0	1141.8642932871583	0	500	6878.137	0	45	0	0	5.5399058868926785	5.5399058868926785	0.09668959797689382	0.0011067834463349407	7.612608173223869	6878.137	5676.9780285258585	164.71676541543442
87.4643	panels	6845.934572543648	470.07893976470586	470.07893976470586	0	0	0.12474780126952734	-0.9921884831413932	0	0	0.5	-401.22776497799805	24711.854234794235	-546.7235947181167	315.4670992648339	0	591.4699849107003	0	1141.8643112111504	0	500	6878.137	0	45	0	0	5.546462896594994	5.546462896594994	0.09680403938528442	0.0011067834463349407	7.612608173223869	6878.137	5676.9780285258585	165.8056388511119
87.5643	panels	6845.860952534075	470.61470936331574	470.61470936331574	0	0	0.09990669135784042	-0.9949968105586718	0	0	0.5	827.593274495568	24701.99741265255	-545.9558662411955	344.6340074141708	0	574.9640191536662	0	1141.8643285450005	0	500	6878.137	0	45	0	0	5.552804298625987	5.552804298625987	0.09691471772991792	0.0011067834463349407	7.612608173223869	6878.137	5676.9780285258585	169.26820669207234
87.6643	panels	6845.787248664788	471.1504731970386	471.1504731970386	0	0	0.07500314301656441	-0.9971832973619429	0	0	0.5	2054.442071364727	24631.072379636997	-545.1892903869071	372.93951015347307	0	557.0209446449104	0	1141.864345878093	0	500	6878.137	0	45	0	0	5.5591457006569795	5.5591457006569795	0.09702539607455139	0.0011067834463349407	7.612608173223869	6878.137	5676.9780285258585	175.96102634053585
87.7643	panels	6845.7134609366885	471.6862312593114	471.6862312593114	0	0	0.05005272015266585	-0.9987465770681365	0	0	0.5	3276.2855414934297	24499.250855576905	-544.4238674423547	400.312858559926	0	537.6856097174366	0	1141.86436321043	0	500	6878.137	0	45	0	0	5.565487102687973	5.565487102687973	0.09713607441918488	0.0011067834463349407	7.612608173223869	6878.137	5676.9780285258585	174.73085932556836
87.8643	panels	6845.63958935068	472.22198354357124	472.22198354357124	0	0	0.02507101596816184	-0.9996856726783296	0	0	0.5	4490.102797198889	24306.855115433576	-543.6595976944499	426.6856336105049	0	517.0063426255931	0	1141.8643805420184	0	500	6878.137	0	45	0	0	5.571828504718967	5.571828504718967	0.09724675276381838	0.0011067834463349407	7.612608173223869	6878.137	5676.9780285258585	164.53087199609797
87.9643	panels	6845.565633907669	472.7577300432554	472.7577300432554	0	0	0.00007364321487650713	-0.9999999972883385	0	0	0.5	5692.892615991942	24054.357201289076	-542.8964814298896	451.9919171938401	0	495.034830749632	0	1141.8643978728298	0	500	6878.137	0	45	0	0	5.5781699067499595	5.5781699067499595	0.09735743110845185	0.0011067834463349407	7.612608173223869	6878.137	5676.9780285258585	154.94900590804198
88.0643	panels	6845.491594608558	473.29347075180107	473.29347075180107	0	0	-0.024923775563020632	-0.999689354455515	0	0	0.5	6881.680861127862	23742.37776404734	-542.1345189351863	476.1684568705549	0	471.8259914042489	0	1141.8644152029024	0	500	6878.137	0	45	0	0	5.584511308780953	5.584511308780953	0.09746810945308534	0.0011067834463349407	7.612608173223869	6878.137	5676.9780285258585	146.72220679587625
88.1643	panels	6845.417471454258	473.8292056626457	473.8292056626457	0	0	-0.04990561779259618	-0.9987539383215165	0	0	0.5	8053.527835621618	23371.684537692025	-541.3737104966478	499.15482397173037	0	447.43783457390197	0	1141.8644325322007	0	500	6878.137	0	45	0	0	5.590852710811946	5.590852710811946	0.09757878779771884	0.0011067834463349407	7.612608173223869	6878.137	5676.9780285258585	140.13521920959406